Scenario,Month,FanEnergy(kWh),HeatingEnergy(therms),CoolingEnergy(kWh),FanEnergy($),HeatingEnergy($),CoolingEnergy($),MonthlyCost($)
hou_102_102_1VB-15, 01,65.0,57.59,53.85,7.28,63.92,6.03,77.23
hou_102_102_1VB-15, 02,61.85,42.45,121.88,6.93,47.12,13.65,67.7
hou_102_102_1VB-15, 03,64.0,21.49,254.55,7.17,23.86,28.51,59.53
hou_102_102_1VB-15, 04,89.16,3.72,522.22,9.99,4.13,58.49,72.6
hou_102_102_1VB-15, 05,151.69,0.08,949.16,16.99,0.08,106.31,123.38
hou_102_102_1VB-15, 06,226.72,0.0,1456.35,25.39,0.0,163.11,188.5
hou_102_102_1VB-15, 07,265.26,0.0,1729.64,29.71,0.0,193.72,223.43
hou_102_102_1VB-15, 08,254.42,0.0,1670.8,28.5,0.0,187.13,215.63
hou_102_102_1VB-15, 09,213.14,0.0,1372.02,23.87,0.0,153.67,177.54
hou_102_102_1VB-15, 10,109.55,5.41,640.51,12.27,6.01,71.74,90.01
hou_102_102_1VB-15, 11,71.39,16.35,331.8,8.0,18.15,37.16,63.31
hou_102_102_1VB-15, 12,63.86,44.11,124.21,7.15,48.96,13.91,70.03
hou_102_102_1VB-30, 01,65.33,57.45,56.41,7.32,63.77,6.32,77.41
hou_102_102_1VB-30, 02,62.08,42.32,123.87,6.95,46.98,13.87,67.81
hou_102_102_1VB-30, 03,64.08,21.52,254.69,7.18,23.89,28.53,59.59
hou_102_102_1VB-30, 04,88.62,3.73,518.92,9.93,4.14,58.12,72.18
hou_102_102_1VB-30, 05,150.84,0.07,943.96,16.89,0.08,105.72,122.7
hou_102_102_1VB-30, 06,225.93,0.0,1451.33,25.3,0.0,162.55,187.85
hou_102_102_1VB-30, 07,264.37,0.0,1723.91,29.61,0.0,193.08,222.69
hou_102_102_1VB-30, 08,253.73,0.0,1666.3,28.42,0.0,186.63,215.04
hou_102_102_1VB-30, 09,212.69,0.0,1369.22,23.82,0.0,153.35,177.17
hou_102_102_1VB-30, 10,110.19,5.41,644.34,12.34,6.01,72.17,90.52
hou_102_102_1VB-30, 11,72.13,16.36,335.91,8.08,18.16,37.62,63.86
hou_102_102_1VB-30, 12,64.38,44.08,127.18,7.21,48.93,14.24,70.39
hou_102_102_1VB-45, 01,65.18,58.21,51.45,7.3,64.61,5.76,77.68
hou_102_102_1VB-45, 02,61.49,42.67,118.55,6.89,47.36,13.28,67.52
hou_102_102_1VB-45, 03,62.85,21.79,246.0,7.04,24.19,27.55,58.78
hou_102_102_1VB-45, 04,85.68,3.77,501.14,9.6,4.19,56.13,69.91
hou_102_102_1VB-45, 05,146.94,0.07,920.15,16.46,0.08,103.06,119.6
hou_102_102_1VB-45, 06,221.96,0.0,1426.27,24.86,0.0,159.74,184.6
hou_102_102_1VB-45, 07,260.23,0.0,1697.35,29.15,0.0,190.1,219.25
hou_102_102_1VB-45, 08,250.09,0.0,1642.77,28.01,0.0,183.99,212.0
hou_102_102_1VB-45, 09,209.6,0.0,1349.73,23.48,0.0,151.17,174.65
hou_102_102_1VB-45, 10,108.11,5.42,631.84,12.11,6.02,70.77,88.89
hou_102_102_1VB-45, 11,70.14,16.53,323.39,7.86,18.35,36.22,62.43
hou_102_102_1VB-45, 12,62.94,44.56,116.48,7.05,49.46,13.05,69.55
hou_102_102_1VB-60, 01,64.45,59.94,38.11,7.22,66.53,4.27,78.02
hou_102_102_1VB-60, 02,59.51,43.77,101.13,6.67,48.59,11.33,66.58
hou_102_102_1VB-60, 03,59.47,22.37,223.35,6.66,24.83,25.02,56.5
hou_102_102_1VB-60, 04,80.33,3.87,468.77,9.0,4.3,52.5,65.8
hou_102_102_1VB-60, 05,139.79,0.07,876.43,15.66,0.08,98.16,113.9
hou_102_102_1VB-60, 06,214.46,0.0,1378.92,24.02,0.0,154.44,178.46
hou_102_102_1VB-60, 07,252.48,0.0,1647.48,28.28,0.0,184.52,212.8
hou_102_102_1VB-60, 08,243.39,0.0,1599.38,27.26,0.0,179.13,206.39
hou_102_102_1VB-60, 09,203.4,0.0,1310.42,22.78,0.0,146.77,169.55
hou_102_102_1VB-60, 10,101.09,5.46,589.57,11.32,6.06,66.03,83.42
hou_102_102_1VB-60, 11,64.28,16.87,287.54,7.2,18.72,32.21,58.13
hou_102_102_1VB-60, 12,59.95,45.54,94.21,6.71,50.55,10.55,67.81
hou_102_102_1VB-75, 01,64.58,62.49,25.1,7.23,69.36,2.81,79.4
hou_102_102_1VB-75, 02,57.06,45.49,77.54,6.39,50.49,8.68,65.56
hou_102_102_1VB-75, 03,53.29,23.32,182.57,5.97,25.89,20.45,52.31
hou_102_102_1VB-75, 04,72.57,4.04,421.5,8.13,4.48,47.21,59.82
hou_102_102_1VB-75, 05,130.3,0.08,818.11,14.59,0.08,91.63,106.31
hou_102_102_1VB-75, 06,204.42,0.0,1315.19,22.9,0.0,147.3,170.2
hou_102_102_1VB-75, 07,242.11,0.0,1580.42,27.12,0.0,177.01,204.12
hou_102_102_1VB-75, 08,234.14,0.0,1539.19,26.22,0.0,172.39,198.61
hou_102_102_1VB-75, 09,193.46,0.0,1246.9,21.67,0.0,139.65,161.32
hou_102_102_1VB-75, 10,90.18,5.53,523.69,10.1,6.14,58.65,74.9
hou_102_102_1VB-75, 11,57.06,17.38,242.69,6.39,19.29,27.18,52.86
hou_102_102_1VB-75, 12,57.15,46.95,70.55,6.4,52.11,7.9,66.42
hou_102_102_1VB0, 01,64.65,58.22,48.55,7.24,64.62,5.44,77.3
hou_102_102_1VB0, 02,61.26,42.84,116.41,6.86,47.55,13.04,67.45
hou_102_102_1VB0, 03,62.92,21.67,247.37,7.05,24.06,27.71,58.81
hou_102_102_1VB0, 04,87.89,3.74,514.57,9.84,4.16,57.63,71.63
hou_102_102_1VB0, 05,150.28,0.08,940.61,16.83,0.09,105.35,122.27
hou_102_102_1VB0, 06,225.26,0.0,1447.2,25.23,0.0,162.09,187.32
hou_102_102_1VB0, 07,263.8,0.0,1720.35,29.55,0.0,192.68,222.23
hou_102_102_1VB0, 08,253.01,0.0,1661.74,28.34,0.0,186.11,214.45
hou_102_102_1VB0, 09,211.44,0.0,1361.3,23.68,0.0,152.47,176.15
hou_102_102_1VB0, 10,107.38,5.43,627.48,12.03,6.03,70.28,88.33
hou_102_102_1VB0, 11,69.33,16.46,319.32,7.77,18.27,35.76,61.8
hou_102_102_1VB0, 12,62.63,44.46,115.39,7.02,49.35,12.92,69.29
hou_102_102_1VB15, 01,64.46,59.09,42.74,7.22,65.59,4.79,77.6
hou_102_102_1VB15, 02,60.37,43.37,108.37,6.76,48.14,12.14,67.04
hou_102_102_1VB15, 03,61.02,21.99,234.69,6.83,24.41,26.29,57.53
hou_102_102_1VB15, 04,85.16,3.79,498.11,9.54,4.2,55.79,69.53
hou_102_102_1VB15, 05,147.06,0.08,921.02,16.47,0.08,103.15,119.71
hou_102_102_1VB15, 06,221.93,0.0,1426.24,24.86,0.0,159.74,184.6
hou_102_102_1VB15, 07,260.34,0.0,1698.18,29.16,0.0,190.2,219.35
hou_102_102_1VB15, 08,249.87,0.0,1641.48,27.98,0.0,183.85,211.83
hou_102_102_1VB15, 09,208.08,0.0,1340.03,23.31,0.0,150.08,173.39
hou_102_102_1VB15, 10,104.0,5.45,607.14,11.65,6.05,68.0,85.7
hou_102_102_1VB15, 11,66.71,16.64,303.11,7.47,18.47,33.95,59.89
hou_102_102_1VB15, 12,61.27,44.97,104.84,6.86,49.92,11.74,68.52
hou_102_102_1VB30, 01,64.37,60.1,36.81,7.21,66.71,4.12,78.05
hou_102_102_1VB30, 02,59.32,44.01,98.76,6.64,48.85,11.06,66.55
hou_102_102_1VB30, 03,58.65,22.4,218.74,6.57,24.86,24.5,55.93
hou_102_102_1VB30, 04,81.59,3.85,476.45,9.14,4.28,53.36,66.78
hou_102_102_1VB30, 05,142.75,0.08,894.63,15.99,0.08,100.2,116.27
hou_102_102_1VB30, 06,217.46,0.0,1398.01,24.36,0.0,156.58,180.93
hou_102_102_1VB30, 07,255.65,0.0,1668.03,28.63,0.0,186.82,215.45
hou_102_102_1VB30, 08,245.64,0.0,1614.13,27.51,0.0,180.78,208.29
hou_102_102_1VB30, 09,203.72,0.0,1312.25,22.82,0.0,146.97,169.79
hou_102_102_1VB30, 10,99.8,5.47,581.88,11.18,6.07,65.17,82.42
hou_102_102_1VB30, 11,63.71,16.85,284.43,7.14,18.71,31.86,57.7
hou_102_102_1VB30, 12,59.94,45.57,94.01,6.71,50.59,10.53,67.83
hou_102_102_1VB45, 01,64.42,61.28,30.69,7.21,68.02,3.44,78.67
hou_102_102_1VB45, 02,58.12,44.76,87.69,6.51,49.68,9.82,66.01
hou_102_102_1VB45, 03,55.81,22.87,199.68,6.25,25.39,22.36,54.0
hou_102_102_1VB45, 04,77.23,3.94,449.93,8.65,4.37,50.39,63.42
hou_102_102_1VB45, 05,137.36,0.08,861.6,15.38,0.08,96.5,111.97
hou_102_102_1VB45, 06,211.81,0.0,1362.27,23.72,0.0,152.57,176.3
hou_102_102_1VB45, 07,249.75,0.0,1629.99,27.97,0.0,182.56,210.53
hou_102_102_1VB45, 08,240.36,0.0,1579.84,26.92,0.0,176.94,203.86
hou_102_102_1VB45, 09,198.38,0.0,1278.28,22.22,0.0,143.17,165.39
hou_102_102_1VB45, 10,94.83,5.5,551.84,10.62,6.1,61.81,78.53
hou_102_102_1VB45, 11,60.33,17.12,263.26,6.76,19.0,29.48,55.24
hou_102_102_1VB45, 12,58.56,46.25,82.4,6.56,51.34,9.23,67.13
hou_102_102_1VB60, 01,64.62,62.56,24.85,7.24,69.44,2.78,79.46
hou_102_102_1VB60, 02,56.95,45.58,76.36,6.38,50.6,8.55,65.53
hou_102_102_1VB60, 03,52.71,23.4,178.87,5.9,25.97,20.03,51.91
hou_102_102_1VB60, 04,72.39,4.05,420.39,8.11,4.49,47.08,59.68
hou_102_102_1VB60, 05,131.26,0.08,824.09,14.7,0.08,92.3,107.08
hou_102_102_1VB60, 06,205.39,0.0,1321.45,23.0,0.0,148.0,171.01
hou_102_102_1VB60, 07,243.06,0.0,1586.72,27.22,0.0,177.71,204.94
hou_102_102_1VB60, 08,234.39,0.0,1540.88,26.25,0.0,172.58,198.83
hou_102_102_1VB60, 09,192.47,0.0,1240.46,21.56,0.0,138.93,160.49
hou_102_102_1VB60, 10,89.36,5.54,518.71,10.01,6.14,58.1,74.25
hou_102_102_1VB60, 11,56.81,17.4,241.07,6.36,19.32,27.0,52.68
hou_102_102_1VB60, 12,57.23,46.98,70.76,6.41,52.15,7.93,66.48
hou_102_102_1VB75, 01,65.13,63.98,20.03,7.29,71.02,2.24,80.56
hou_102_102_1VB75, 02,56.04,46.51,65.89,6.28,51.63,7.38,65.29
hou_102_102_1VB75, 03,49.74,23.99,158.4,5.57,26.63,17.74,49.94
hou_102_102_1VB75, 04,67.61,4.2,390.84,7.57,4.66,43.77,56.0
hou_102_102_1VB75, 05,125.13,0.08,786.22,14.01,0.09,88.06,102.16
hou_102_102_1VB75, 06,199.02,0.0,1280.88,22.29,0.0,143.46,165.75
hou_102_102_1VB75, 07,236.46,0.0,1543.9,26.48,0.0,172.92,199.4
hou_102_102_1VB75, 08,228.5,0.0,1502.33,25.59,0.0,168.26,193.85
hou_102_102_1VB75, 09,186.66,0.0,1203.3,20.91,0.0,134.77,155.68
hou_102_102_1VB75, 10,84.12,5.59,486.79,9.42,6.21,54.52,70.15
hou_102_102_1VB75, 11,53.55,17.73,220.09,6.0,19.68,24.65,50.33
hou_102_102_1VB75, 12,56.28,47.82,60.71,6.3,53.08,6.8,66.18
hou_102_102_base, 01,69.91,59.41,71.44,7.83,65.94,8.0,81.77
hou_102_102_base, 02,67.63,43.59,148.53,7.57,48.38,16.63,72.59
hou_102_102_base, 03,73.35,22.43,302.59,8.22,24.9,33.89,67.0
hou_102_102_base, 04,99.25,4.09,580.08,11.12,4.54,64.97,80.62
hou_102_102_base, 05,163.35,0.11,1020.77,18.3,0.13,114.33,132.75
hou_102_102_base, 06,239.99,0.0,1540.78,26.88,0.0,172.57,199.45
hou_102_102_base, 07,279.8,0.0,1823.81,31.34,0.0,204.27,235.6
hou_102_102_base, 08,267.39,0.0,1755.69,29.95,0.0,196.64,226.59
hou_102_102_base, 09,226.25,0.0,1456.27,25.34,0.0,163.1,188.44
hou_102_102_base, 10,121.61,6.0,709.5,13.62,6.66,79.46,99.75
hou_102_102_base, 11,79.95,17.37,375.45,8.95,19.28,42.05,70.29
hou_102_102_base, 12,70.17,46.07,149.18,7.86,51.14,16.71,75.71
hou_102_102_cellularHT, 01,63.71,58.92,39.43,7.14,65.4,4.42,76.95
hou_102_102_cellularHT, 02,58.95,43.19,101.09,6.6,47.94,11.32,65.86
hou_102_102_cellularHT, 03,58.77,22.01,221.35,6.58,24.44,24.79,55.81
hou_102_102_cellularHT, 04,81.0,3.78,473.17,9.07,4.2,53.0,66.27
hou_102_102_cellularHT, 05,141.03,0.07,883.95,15.8,0.08,99.0,114.87
hou_102_102_cellularHT, 06,215.11,0.0,1383.06,24.09,0.0,154.9,178.99
hou_102_102_cellularHT, 07,252.88,0.0,1650.14,28.32,0.0,184.82,213.14
hou_102_102_cellularHT, 08,243.38,0.0,1599.39,27.26,0.0,179.13,206.39
hou_102_102_cellularHT, 09,202.58,0.0,1305.06,22.69,0.0,146.17,168.86
hou_102_102_cellularHT, 10,100.37,5.35,585.7,11.24,5.94,65.6,82.78
hou_102_102_cellularHT, 11,64.41,16.57,289.9,7.21,18.39,32.47,58.08
hou_102_102_cellularHT, 12,59.84,44.77,97.69,6.7,49.7,10.94,67.34
hou_102_102_cellularLT, 01,60.59,59.66,17.88,6.79,66.22,2.0,75.01
hou_102_102_cellularLT, 02,52.15,43.39,60.69,5.84,48.17,6.8,60.8
hou_102_102_cellularLT, 03,46.16,22.2,147.48,5.17,24.64,16.52,46.33
hou_102_102_cellularLT, 04,63.85,3.74,370.57,7.15,4.15,41.5,52.8
hou_102_102_cellularLT, 05,119.25,0.04,749.68,13.36,0.05,83.96,97.37
hou_102_102_cellularLT, 06,190.7,0.0,1227.67,21.36,0.0,137.5,158.86
hou_102_102_cellularLT, 07,226.57,0.0,1479.64,25.38,0.0,165.72,191.09
hou_102_102_cellularLT, 08,219.12,0.0,1440.73,24.54,0.0,161.36,185.9
hou_102_102_cellularLT, 09,179.04,0.0,1154.17,20.05,0.0,129.27,149.32
hou_102_102_cellularLT, 10,79.43,4.86,462.05,8.9,5.39,51.75,66.04
hou_102_102_cellularLT, 11,50.27,16.2,209.3,5.63,17.98,23.44,47.05
hou_102_102_cellularLT, 12,51.99,44.23,55.87,5.82,49.09,6.26,61.17
hou_102_BBG-VB-15_102, 01,70.0,66.05,36.25,7.84,73.31,4.06,85.21
hou_102_BBG-VB-15_102, 02,62.86,48.62,93.68,7.04,53.97,10.49,71.5
hou_102_BBG-VB-15_102, 03,59.15,25.33,205.59,6.62,28.12,23.03,57.77
hou_102_BBG-VB-15_102, 04,80.39,4.66,464.89,9.0,5.17,52.07,66.24
hou_102_BBG-VB-15_102, 05,141.94,0.15,889.48,15.9,0.17,99.62,115.69
hou_102_BBG-VB-15_102, 06,218.69,0.0,1405.81,24.49,0.0,157.45,181.94
hou_102_BBG-VB-15_102, 07,258.08,0.0,1683.51,28.9,0.0,188.55,217.46
hou_102_BBG-VB-15_102, 08,248.27,0.0,1631.16,27.81,0.0,182.69,210.5
hou_102_BBG-VB-15_102, 09,204.63,0.0,1318.45,22.92,0.0,147.67,170.59
hou_102_BBG-VB-15_102, 10,99.14,6.57,572.03,11.1,7.29,64.07,82.46
hou_102_BBG-VB-15_102, 11,65.35,19.12,281.46,7.32,21.22,31.52,60.06
hou_102_BBG-VB-15_102, 12,65.08,50.29,97.34,7.29,55.82,10.9,74.01
hou_102_BBG-VB-30_102, 01,69.27,63.91,43.64,7.76,70.94,4.89,83.59
hou_102_BBG-VB-30_102, 02,62.86,47.09,102.01,7.04,52.26,11.43,70.73
hou_102_BBG-VB-30_102, 03,59.53,24.66,211.36,6.67,27.37,23.67,57.71
hou_102_BBG-VB-30_102, 04,80.6,4.49,467.03,9.03,4.98,52.31,66.32
hou_102_BBG-VB-30_102, 05,141.94,0.14,889.47,15.9,0.15,99.62,115.67
hou_102_BBG-VB-30_102, 06,218.51,0.0,1404.61,24.47,0.0,157.32,181.79
hou_102_BBG-VB-30_102, 07,257.48,0.0,1679.58,28.84,0.0,188.11,216.95
hou_102_BBG-VB-30_102, 08,247.81,0.0,1628.12,27.76,0.0,182.35,210.1
hou_102_BBG-VB-30_102, 09,204.8,0.0,1319.47,22.94,0.0,147.78,170.72
hou_102_BBG-VB-30_102, 10,102.08,6.35,590.78,11.43,7.05,66.17,84.65
hou_102_BBG-VB-30_102, 11,67.85,18.56,298.89,7.6,20.6,33.48,61.67
hou_102_BBG-VB-30_102, 12,65.73,48.93,108.33,7.36,54.31,12.13,73.81
hou_102_BBG-VB-45_102, 01,68.21,63.43,40.28,7.64,70.41,4.51,82.56
hou_102_BBG-VB-45_102, 02,61.85,46.26,100.64,6.93,51.35,11.27,69.55
hou_102_BBG-VB-45_102, 03,59.0,24.31,209.85,6.61,26.99,23.5,57.1
hou_102_BBG-VB-45_102, 04,77.74,4.43,450.21,8.71,4.91,50.42,64.04
hou_102_BBG-VB-45_102, 05,137.63,0.12,863.14,15.41,0.13,96.67,112.22
hou_102_BBG-VB-45_102, 06,213.63,0.0,1373.84,23.93,0.0,153.87,177.8
hou_102_BBG-VB-45_102, 07,252.13,0.0,1645.26,28.24,0.0,184.27,212.51
hou_102_BBG-VB-45_102, 08,242.98,0.0,1596.9,27.21,0.0,178.85,206.07
hou_102_BBG-VB-45_102, 09,201.53,0.0,1298.82,22.57,0.0,145.47,168.04
hou_102_BBG-VB-45_102, 10,101.46,6.15,588.05,11.36,6.83,65.86,84.05
hou_102_BBG-VB-45_102, 11,66.14,18.31,290.13,7.41,20.32,32.49,60.22
hou_102_BBG-VB-45_102, 12,63.33,48.48,97.12,7.09,53.82,10.88,71.79
hou_102_BBG-VB-60_102, 01,66.92,64.64,26.56,7.5,71.75,2.97,82.21
hou_102_BBG-VB-60_102, 02,58.85,46.76,80.71,6.59,51.9,9.04,67.53
hou_102_BBG-VB-60_102, 03,55.63,24.47,189.34,6.23,27.16,21.21,54.6
hou_102_BBG-VB-60_102, 04,72.0,4.49,415.42,8.06,4.98,46.53,59.57
hou_102_BBG-VB-60_102, 05,128.85,0.11,809.23,14.43,0.12,90.63,105.18
hou_102_BBG-VB-60_102, 06,203.77,0.0,1311.38,22.82,0.0,146.87,169.7
hou_102_BBG-VB-60_102, 07,241.67,0.0,1577.88,27.07,0.0,176.72,203.79
hou_102_BBG-VB-60_102, 08,233.9,0.0,1538.08,26.2,0.0,172.27,198.46
hou_102_BBG-VB-60_102, 09,194.0,0.0,1251.05,21.73,0.0,140.12,161.85
hou_102_BBG-VB-60_102, 10,92.82,6.0,536.92,10.4,6.66,60.13,77.19
hou_102_BBG-VB-60_102, 11,58.62,18.38,245.95,6.57,20.4,27.55,54.51
hou_102_BBG-VB-60_102, 12,58.96,48.84,70.38,6.6,54.21,7.88,68.7
hou_102_BBG-VB-75_102, 01,67.0,67.09,13.63,7.5,74.46,1.53,83.5
hou_102_BBG-VB-75_102, 02,55.49,48.32,52.59,6.22,53.64,5.89,65.74
hou_102_BBG-VB-75_102, 03,47.57,25.31,138.24,5.33,28.09,15.48,48.9
hou_102_BBG-VB-75_102, 04,62.65,4.64,358.41,7.02,5.15,40.14,52.31
hou_102_BBG-VB-75_102, 05,116.55,0.1,733.3,13.05,0.11,82.13,95.29
hou_102_BBG-VB-75_102, 06,190.01,0.0,1223.75,21.28,0.0,137.06,158.34
hou_102_BBG-VB-75_102, 07,227.17,0.0,1483.95,25.44,0.0,166.2,191.65
hou_102_BBG-VB-75_102, 08,220.83,0.0,1452.63,24.73,0.0,162.69,187.43
hou_102_BBG-VB-75_102, 09,180.28,0.0,1163.0,20.19,0.0,130.26,150.45
hou_102_BBG-VB-75_102, 10,77.76,5.9,446.5,8.71,6.55,50.01,65.27
hou_102_BBG-VB-75_102, 11,49.41,18.74,189.92,5.53,20.8,21.27,47.6
hou_102_BBG-VB-75_102, 12,55.94,49.91,47.04,6.27,55.4,5.27,66.93
hou_102_BBG-VB0_102, 01,70.76,68.35,28.09,7.93,75.87,3.15,86.94
hou_102_BBG-VB0_102, 02,62.51,49.9,84.58,7.0,55.39,9.47,71.86
hou_102_BBG-VB0_102, 03,57.59,26.08,192.52,6.45,28.94,21.56,56.96
hou_102_BBG-VB0_102, 04,77.93,4.85,449.21,8.73,5.38,50.31,64.42
hou_102_BBG-VB0_102, 05,138.83,0.16,870.53,15.55,0.18,97.5,113.23
hou_102_BBG-VB0_102, 06,215.53,0.0,1386.01,24.14,0.0,155.23,179.37
hou_102_BBG-VB0_102, 07,255.09,0.0,1664.49,28.57,0.0,186.42,214.99
hou_102_BBG-VB0_102, 08,245.36,0.0,1612.48,27.48,0.0,180.6,208.08
hou_102_BBG-VB0_102, 09,201.2,0.0,1296.87,22.53,0.0,145.25,167.78
hou_102_BBG-VB0_102, 10,95.19,6.73,547.44,10.66,7.47,61.31,79.45
hou_102_BBG-VB0_102, 11,61.77,19.69,257.46,6.92,21.86,28.84,57.62
hou_102_BBG-VB0_102, 12,63.38,51.7,80.12,7.1,57.39,8.97,73.46
hou_102_BBG-VB15_102, 01,70.91,69.39,23.27,7.94,77.03,2.61,87.58
hou_102_BBG-VB15_102, 02,61.54,50.37,76.34,6.89,55.91,8.55,71.35
hou_102_BBG-VB15_102, 03,55.53,26.45,178.49,6.22,29.36,19.99,55.57
hou_102_BBG-VB15_102, 04,74.73,4.96,429.43,8.37,5.5,48.1,61.97
hou_102_BBG-VB15_102, 05,134.63,0.16,844.86,15.08,0.18,94.62,109.88
hou_102_BBG-VB15_102, 06,210.95,0.0,1357.21,23.63,0.0,152.01,175.63
hou_102_BBG-VB15_102, 07,250.28,0.0,1633.69,28.03,0.0,182.97,211.0
hou_102_BBG-VB15_102, 08,240.92,0.0,1583.92,26.98,0.0,177.4,204.38
hou_102_BBG-VB15_102, 09,196.62,0.0,1267.86,22.02,0.0,142.0,164.02
hou_102_BBG-VB15_102, 10,91.16,6.74,523.11,10.21,7.48,58.59,76.28
hou_102_BBG-VB15_102, 11,58.89,19.94,239.17,6.6,22.13,26.79,55.51
hou_102_BBG-VB15_102, 12,61.97,52.3,68.72,6.94,58.05,7.7,72.69
hou_102_BBG-VB30_102, 01,70.3,69.43,19.6,7.87,77.06,2.19,87.13
hou_102_BBG-VB30_102, 02,59.95,50.26,67.71,6.71,55.79,7.58,70.09
hou_102_BBG-VB30_102, 03,52.91,26.46,163.19,5.93,29.37,18.28,53.57
hou_102_BBG-VB30_102, 04,70.9,4.96,406.43,7.94,5.51,45.52,58.97
hou_102_BBG-VB30_102, 05,129.61,0.15,814.05,14.52,0.16,91.17,105.85
hou_102_BBG-VB30_102, 06,205.32,0.0,1321.59,23.0,0.0,148.02,171.01
hou_102_BBG-VB30_102, 07,244.14,0.0,1594.18,27.34,0.0,178.55,205.89
hou_102_BBG-VB30_102, 08,235.28,0.0,1547.27,26.35,0.0,173.29,199.64
hou_102_BBG-VB30_102, 09,191.14,0.0,1232.85,21.41,0.0,138.08,159.49
hou_102_BBG-VB30_102, 10,86.56,6.6,496.07,9.7,7.33,55.56,72.58
hou_102_BBG-VB30_102, 11,55.76,19.84,221.27,6.24,22.03,24.78,53.05
hou_102_BBG-VB30_102, 12,60.33,52.13,60.24,6.76,57.86,6.75,71.36
hou_102_BBG-VB45_102, 01,69.5,69.25,15.99,7.78,76.87,1.79,86.44
hou_102_BBG-VB45_102, 02,58.15,50.02,58.59,6.51,55.52,6.56,68.6
hou_102_BBG-VB45_102, 03,49.93,26.38,146.23,5.59,29.28,16.38,51.25
hou_102_BBG-VB45_102, 04,66.42,4.93,379.62,7.44,5.47,42.52,55.43
hou_102_BBG-VB45_102, 05,123.65,0.13,777.31,13.85,0.15,87.06,101.05
hou_102_BBG-VB45_102, 06,198.53,0.0,1278.35,22.24,0.0,143.17,165.41
hou_102_BBG-VB45_102, 07,236.74,0.0,1546.25,26.51,0.0,173.18,199.69
hou_102_BBG-VB45_102, 08,228.6,0.0,1503.64,25.6,0.0,168.41,194.01
hou_102_BBG-VB45_102, 09,184.88,0.0,1192.7,20.71,0.0,133.58,154.29
hou_102_BBG-VB45_102, 10,81.45,6.41,466.15,9.12,7.12,52.21,68.45
hou_102_BBG-VB45_102, 11,52.47,19.65,202.97,5.88,21.81,22.73,50.42
hou_102_BBG-VB45_102, 12,58.69,51.76,52.73,6.57,57.46,5.91,69.94
hou_102_BBG-VB60_102, 01,68.68,69.03,12.56,7.69,76.62,1.41,85.72
hou_102_BBG-VB60_102, 02,56.42,49.78,49.8,6.32,55.26,5.58,67.16
hou_102_BBG-VB60_102, 03,46.84,26.3,128.65,5.25,29.2,14.41,48.85
hou_102_BBG-VB60_102, 04,61.59,4.88,350.73,6.9,5.42,39.28,51.6
hou_102_BBG-VB60_102, 05,117.09,0.11,736.71,13.11,0.13,82.51,95.75
hou_102_BBG-VB60_102, 06,191.06,0.0,1230.6,21.4,0.0,137.83,159.23
hou_102_BBG-VB60_102, 07,228.59,0.0,1493.31,25.6,0.0,167.25,192.85
hou_102_BBG-VB60_102, 08,221.22,0.0,1455.24,24.78,0.0,162.99,187.76
hou_102_BBG-VB60_102, 09,178.18,0.0,1149.58,19.96,0.0,128.75,148.71
hou_102_BBG-VB60_102, 10,76.05,6.2,434.49,8.52,6.88,48.66,64.06
hou_102_BBG-VB60_102, 11,49.19,19.43,184.82,5.51,21.56,20.7,47.77
hou_102_BBG-VB60_102, 12,57.19,51.37,46.1,6.4,57.02,5.16,68.59
hou_102_BBG-VB75_102, 01,68.1,68.96,9.66,7.63,76.54,1.08,85.25
hou_102_BBG-VB75_102, 02,54.92,49.67,41.68,6.15,55.13,4.67,65.95
hou_102_BBG-VB75_102, 03,43.96,26.33,111.55,4.92,29.23,12.49,46.65
hou_102_BBG-VB75_102, 04,56.83,4.88,321.85,6.36,5.41,36.05,47.83
hou_102_BBG-VB75_102, 05,110.34,0.1,694.75,12.36,0.11,77.81,90.28
hou_102_BBG-VB75_102, 06,183.36,0.0,1181.27,20.54,0.0,132.3,152.84
hou_102_BBG-VB75_102, 07,220.22,0.0,1438.73,24.66,0.0,161.14,185.8
hou_102_BBG-VB75_102, 08,213.62,0.0,1405.26,23.93,0.0,157.39,181.32
hou_102_BBG-VB75_102, 09,171.32,0.0,1105.28,19.19,0.0,123.79,142.98
hou_102_BBG-VB75_102, 10,70.73,6.02,403.11,7.92,6.68,45.15,59.75
hou_102_BBG-VB75_102, 11,46.15,19.27,167.66,5.17,21.39,18.78,45.34
hou_102_BBG-VB75_102, 12,55.95,51.12,40.18,6.27,56.75,4.5,67.51
hou_2154_102_1VB-15, 01,62.47,62.71,11.85,7.0,69.61,1.33,77.93
hou_2154_102_1VB-15, 02,51.77,45.49,46.82,5.8,50.49,5.24,61.53
hou_2154_102_1VB-15, 03,42.73,23.58,119.77,4.79,26.18,13.41,44.38
hou_2154_102_1VB-15, 04,57.7,4.09,331.42,6.46,4.54,37.12,48.12
hou_2154_102_1VB-15, 05,111.25,0.05,700.14,12.46,0.06,78.42,90.94
hou_2154_102_1VB-15, 06,182.41,0.0,1174.73,20.43,0.0,131.57,152.0
hou_2154_102_1VB-15, 07,218.07,0.0,1424.36,24.42,0.0,159.53,183.95
hou_2154_102_1VB-15, 08,211.27,0.0,1389.27,23.66,0.0,155.6,179.26
hou_2154_102_1VB-15, 09,170.63,0.0,1100.23,19.11,0.0,123.23,142.34
hou_2154_102_1VB-15, 10,71.69,5.12,413.7,8.03,5.68,46.33,60.04
hou_2154_102_1VB-15, 11,46.17,17.08,180.14,5.17,18.96,20.18,44.31
hou_2154_102_1VB-15, 12,52.11,46.27,45.09,5.84,51.36,5.05,62.25
hou_2154_102_1VB-30, 01,62.43,62.61,12.16,6.99,69.49,1.36,77.85
hou_2154_102_1VB-30, 02,51.79,45.42,47.22,5.8,50.42,5.29,61.51
hou_2154_102_1VB-30, 03,42.72,23.59,119.69,4.79,26.19,13.41,44.38
hou_2154_102_1VB-30, 04,57.53,4.09,330.32,6.44,4.55,37.0,47.98
hou_2154_102_1VB-30, 05,110.96,0.05,698.29,12.43,0.06,78.21,90.7
hou_2154_102_1VB-30, 06,182.13,0.0,1172.95,20.4,0.0,131.37,151.77
hou_2154_102_1VB-30, 07,217.75,0.0,1422.3,24.39,0.0,159.3,183.69
hou_2154_102_1VB-30, 08,211.03,0.0,1387.67,23.64,0.0,155.42,179.05
hou_2154_102_1VB-30, 09,170.48,0.0,1099.27,19.09,0.0,123.12,142.21
hou_2154_102_1VB-30, 10,71.92,5.12,415.07,8.05,5.68,46.49,60.22
hou_2154_102_1VB-30, 11,46.34,17.07,181.17,5.19,18.95,20.29,44.43
hou_2154_102_1VB-30, 12,52.12,46.22,45.42,5.84,51.31,5.09,62.23
hou_2154_102_1VB-45, 01,62.67,62.99,11.46,7.02,69.92,1.28,78.22
hou_2154_102_1VB-45, 02,51.71,45.59,45.8,5.79,50.61,5.13,61.53
hou_2154_102_1VB-45, 03,42.41,23.74,116.98,4.75,26.35,13.1,44.2
hou_2154_102_1VB-45, 04,56.58,4.14,324.33,6.34,4.6,36.32,47.26
hou_2154_102_1VB-45, 05,109.54,0.05,689.54,12.27,0.06,77.23,89.56
hou_2154_102_1VB-45, 06,180.64,0.0,1163.46,20.23,0.0,130.31,150.54
hou_2154_102_1VB-45, 07,216.19,0.0,1412.21,24.21,0.0,158.17,182.38
hou_2154_102_1VB-45, 08,209.64,0.0,1378.63,23.48,0.0,154.41,177.89
hou_2154_102_1VB-45, 09,169.33,0.0,1091.95,18.97,0.0,122.3,141.26
hou_2154_102_1VB-45, 10,71.23,5.14,410.76,7.98,5.7,46.01,59.68
hou_2154_102_1VB-45, 11,45.81,17.18,177.4,5.13,19.07,19.87,44.07
hou_2154_102_1VB-45, 12,52.08,46.51,43.55,5.83,51.63,4.88,62.34
hou_2154_102_1VB-60, 01,63.22,63.9,9.58,7.08,70.93,1.07,79.08
hou_2154_102_1VB-60, 02,51.48,46.14,41.42,5.77,51.21,4.64,61.62
hou_2154_102_1VB-60, 03,41.6,24.06,110.4,4.66,26.71,12.36,43.73
hou_2154_102_1VB-60, 04,54.86,4.23,313.39,6.14,4.7,35.1,45.94
hou_2154_102_1VB-60, 05,106.94,0.06,673.46,11.98,0.06,75.43,87.47
hou_2154_102_1VB-60, 06,177.83,0.0,1145.58,19.92,0.0,128.3,148.22
hou_2154_102_1VB-60, 07,213.3,0.0,1393.44,23.89,0.0,156.07,179.96
hou_2154_102_1VB-60, 08,207.1,0.0,1362.03,23.2,0.0,152.55,175.74
hou_2154_102_1VB-60, 09,167.01,0.0,1077.09,18.71,0.0,120.63,139.34
hou_2154_102_1VB-60, 10,68.87,5.18,396.18,7.71,5.75,44.37,57.83
hou_2154_102_1VB-60, 11,44.27,17.43,166.9,4.96,19.34,18.69,42.99
hou_2154_102_1VB-60, 12,52.0,47.11,39.65,5.82,52.29,4.44,62.56
hou_2154_102_1VB-75, 01,64.01,65.11,7.44,7.17,72.27,0.83,80.27
hou_2154_102_1VB-75, 02,51.26,46.94,35.63,5.74,52.1,3.99,61.83
hou_2154_102_1VB-75, 03,40.15,24.6,98.96,4.5,27.3,11.08,42.88
hou_2154_102_1VB-75, 04,52.38,4.36,297.65,5.87,4.83,33.34,44.04
hou_2154_102_1VB-75, 05,103.54,0.06,652.32,11.6,0.06,73.06,84.72
hou_2154_102_1VB-75, 06,174.14,0.0,1122.01,19.5,0.0,125.66,145.17
hou_2154_102_1VB-75, 07,209.49,0.0,1368.65,23.46,0.0,153.29,176.75
hou_2154_102_1VB-75, 08,203.69,0.0,1339.66,22.81,0.0,150.04,172.86
hou_2154_102_1VB-75, 09,163.39,0.0,1053.77,18.3,0.0,118.02,136.32
hou_2154_102_1VB-75, 10,65.22,5.24,373.63,7.3,5.81,41.85,54.97
hou_2154_102_1VB-75, 11,42.32,17.75,153.45,4.74,19.71,17.19,41.63
hou_2154_102_1VB-75, 12,52.0,47.91,35.14,5.82,53.18,3.94,62.93
hou_2154_102_1VB0, 01,62.66,63.04,11.1,7.02,69.98,1.24,78.24
hou_2154_102_1VB0, 02,51.72,45.67,45.45,5.79,50.7,5.09,61.58
hou_2154_102_1VB0, 03,42.48,23.69,117.74,4.76,26.3,13.19,44.24
hou_2154_102_1VB0, 04,57.3,4.12,328.81,6.42,4.57,36.83,47.81
hou_2154_102_1VB0, 05,110.73,0.05,696.91,12.4,0.06,78.05,90.51
hou_2154_102_1VB0, 06,181.83,0.0,1171.07,20.36,0.0,131.16,151.52
hou_2154_102_1VB0, 07,217.49,0.0,1420.63,24.36,0.0,159.11,183.47
hou_2154_102_1VB0, 08,210.7,0.0,1385.58,23.6,0.0,155.18,178.78
hou_2154_102_1VB0, 09,169.98,0.0,1096.09,19.04,0.0,122.76,141.8
hou_2154_102_1VB0, 10,70.95,5.13,409.14,7.95,5.69,45.82,59.46
hou_2154_102_1VB0, 11,45.64,17.16,176.55,5.11,19.05,19.77,43.94
hou_2154_102_1VB0, 12,52.07,46.49,43.66,5.83,51.6,4.89,62.32
hou_2154_102_1VB15, 01,62.95,63.49,10.28,7.05,70.48,1.15,78.68
hou_2154_102_1VB15, 02,51.62,45.93,43.39,5.78,50.98,4.86,61.62
hou_2154_102_1VB15, 03,42.04,23.87,114.15,4.71,26.5,12.79,43.99
hou_2154_102_1VB15, 04,56.43,4.17,323.29,6.32,4.62,36.21,47.15
hou_2154_102_1VB15, 05,109.56,0.05,689.68,12.27,0.06,77.24,89.58
hou_2154_102_1VB15, 06,180.56,0.0,1163.06,20.22,0.0,130.26,150.49
hou_2154_102_1VB15, 07,216.17,0.0,1412.13,24.21,0.0,158.16,182.37
hou_2154_102_1VB15, 08,209.5,0.0,1377.78,23.46,0.0,154.31,177.78
hou_2154_102_1VB15, 09,168.73,0.0,1088.09,18.9,0.0,121.87,140.76
hou_2154_102_1VB15, 10,69.83,5.15,402.2,7.82,5.72,45.05,58.58
hou_2154_102_1VB15, 11,44.95,17.29,171.74,5.03,19.19,19.24,43.46
hou_2154_102_1VB15, 12,52.05,46.79,41.77,5.83,51.94,4.68,62.45
hou_2154_102_1VB30, 01,63.28,63.99,9.43,7.09,71.03,1.06,79.17
hou_2154_102_1VB30, 02,51.49,46.24,40.93,5.77,51.32,4.58,61.67
hou_2154_102_1VB30, 03,41.48,24.1,109.58,4.65,26.75,12.27,43.67
hou_2154_102_1VB30, 04,55.29,4.22,316.05,6.19,4.69,35.4,46.28
hou_2154_102_1VB30, 05,107.99,0.05,679.96,12.09,0.06,76.16,88.31
hou_2154_102_1VB30, 06,178.89,0.0,1152.41,20.04,0.0,129.07,149.11
hou_2154_102_1VB30, 07,214.43,0.0,1400.87,24.02,0.0,156.9,180.91
hou_2154_102_1VB30, 08,207.91,0.0,1367.39,23.29,0.0,153.15,176.43
hou_2154_102_1VB30, 09,167.12,0.0,1077.74,18.72,0.0,120.71,139.42
hou_2154_102_1VB30, 10,68.43,5.18,393.5,7.66,5.75,44.07,57.48
hou_2154_102_1VB30, 11,44.15,17.44,166.11,4.94,19.36,18.6,42.9
hou_2154_102_1VB30, 12,52.04,47.14,39.75,5.83,52.32,4.45,62.6
hou_2154_102_1VB45, 01,63.64,64.54,8.47,7.13,71.64,0.95,79.71
hou_2154_102_1VB45, 02,51.35,46.58,38.17,5.75,51.71,4.27,61.74
hou_2154_102_1VB45, 03,40.8,24.36,104.1,4.57,27.04,11.66,43.26
hou_2154_102_1VB45, 04,53.89,4.29,307.18,6.04,4.76,34.4,45.2
hou_2154_102_1VB45, 05,106.05,0.06,667.93,11.88,0.06,74.81,86.75
hou_2154_102_1VB45, 06,176.81,0.0,1139.12,19.8,0.0,127.58,147.38
hou_2154_102_1VB45, 07,212.25,0.0,1386.7,23.77,0.0,155.31,179.08
hou_2154_102_1VB45, 08,205.95,0.0,1354.58,23.07,0.0,151.71,174.78
hou_2154_102_1VB45, 09,165.17,0.0,1065.23,18.5,0.0,119.31,137.81
hou_2154_102_1VB45, 10,66.78,5.21,383.29,7.48,5.78,42.93,56.19
hou_2154_102_1VB45, 11,43.23,17.6,159.74,4.84,19.54,17.89,42.27
hou_2154_102_1VB45, 12,52.02,47.51,37.53,5.83,52.74,4.2,62.77
hou_2154_102_1VB60, 01,64.02,65.12,7.43,7.17,72.28,0.83,80.28
hou_2154_102_1VB60, 02,51.24,46.96,35.36,5.74,52.13,3.96,61.83
hou_2154_102_1VB60, 03,40.05,24.64,98.13,4.49,27.35,10.99,42.82
hou_2154_102_1VB60, 04,52.36,4.36,297.42,5.86,4.84,33.31,44.02
hou_2154_102_1VB60, 05,103.87,0.06,654.43,11.63,0.06,73.3,84.99
hou_2154_102_1VB60, 06,174.47,0.0,1124.13,19.54,0.0,125.9,145.44
hou_2154_102_1VB60, 07,209.8,0.0,1370.77,23.5,0.0,153.53,177.02
hou_2154_102_1VB60, 08,203.76,0.0,1340.17,22.82,0.0,150.1,172.92
hou_2154_102_1VB60, 09,163.02,0.0,1051.4,18.26,0.0,117.76,136.02
hou_2154_102_1VB60, 10,64.95,5.24,371.96,7.27,5.82,41.66,54.75
hou_2154_102_1VB60, 11,42.27,17.77,153.07,4.73,19.73,17.14,41.6
hou_2154_102_1VB60, 12,52.01,47.9,35.23,5.83,53.17,3.95,62.94
hou_2154_102_1VB75, 01,64.46,65.75,6.45,7.22,72.98,0.72,80.93
hou_2154_102_1VB75, 02,51.19,47.38,32.71,5.73,52.59,3.66,61.99
hou_2154_102_1VB75, 03,39.36,24.94,92.32,4.41,27.69,10.34,42.43
hou_2154_102_1VB75, 04,50.83,4.44,287.69,5.69,4.93,32.22,42.84
hou_2154_102_1VB75, 05,101.69,0.06,640.84,11.39,0.06,71.77,83.23
hou_2154_102_1VB75, 06,172.16,0.0,1109.31,19.28,0.0,124.24,143.52
hou_2154_102_1VB75, 07,207.39,0.0,1354.99,23.23,0.0,151.76,174.99
hou_2154_102_1VB75, 08,201.6,0.0,1325.94,22.58,0.0,148.51,171.08
hou_2154_102_1VB75, 09,160.92,0.0,1037.84,18.02,0.0,116.24,134.26
hou_2154_102_1VB75, 10,63.23,5.29,361.21,7.08,5.87,40.46,53.4
hou_2154_102_1VB75, 11,41.39,17.96,146.72,4.64,19.93,16.43,41.0
hou_2154_102_1VB75, 12,52.06,48.34,33.06,5.83,53.66,3.7,63.19
hou_2154_102_base, 01,63.27,63.05,14.53,7.09,69.99,1.63,78.7
hou_2154_102_base, 02,53.15,45.73,53.46,5.95,50.76,5.99,62.7
hou_2154_102_base, 03,45.21,23.74,133.36,5.06,26.35,14.94,46.35
hou_2154_102_base, 04,61.07,4.17,351.36,6.84,4.62,39.35,50.82
hou_2154_102_base, 05,115.62,0.06,727.29,12.95,0.07,81.46,94.48
hou_2154_102_base, 06,187.49,0.0,1207.4,21.0,0.0,135.23,156.23
hou_2154_102_base, 07,223.61,0.0,1460.52,25.04,0.0,163.58,188.62
hou_2154_102_base, 08,216.41,0.0,1423.15,24.24,0.0,159.39,183.63
hou_2154_102_base, 09,175.59,0.0,1132.36,19.67,0.0,126.82,146.49
hou_2154_102_base, 10,75.92,5.3,438.4,8.5,5.88,49.1,63.49
hou_2154_102_base, 11,48.65,17.34,193.26,5.45,19.25,21.64,46.34
hou_2154_102_base, 12,53.32,46.74,49.5,5.97,51.89,5.54,63.4
hou_2154_102_cellularHT, 01,62.85,63.45,9.92,7.04,70.43,1.11,78.58
hou_2154_102_cellularHT, 02,51.34,45.9,41.9,5.75,50.95,4.69,61.39
hou_2154_102_cellularHT, 03,41.54,23.91,110.9,4.65,26.54,12.42,43.61
hou_2154_102_cellularHT, 04,55.23,4.18,315.89,6.19,4.64,35.38,46.2
hou_2154_102_cellularHT, 05,107.6,0.05,677.5,12.05,0.06,75.88,87.99
hou_2154_102_cellularHT, 06,178.29,0.0,1148.5,19.97,0.0,128.63,148.6
hou_2154_102_cellularHT, 07,213.66,0.0,1395.82,23.93,0.0,156.33,180.26
hou_2154_102_cellularHT, 08,207.32,0.0,1363.52,23.22,0.0,152.71,175.93
hou_2154_102_cellularHT, 09,166.96,0.0,1076.7,18.7,0.0,120.59,139.29
hou_2154_102_cellularHT, 10,68.88,5.13,396.41,7.71,5.69,44.4,57.81
hou_2154_102_cellularHT, 11,44.45,17.29,168.65,4.98,19.2,18.89,43.06
hou_2154_102_cellularHT, 12,51.83,46.77,40.61,5.81,51.91,4.55,62.26
hou_2154_102_cellularLT, 01,61.87,63.09,6.33,6.93,70.03,0.71,77.67
hou_2154_102_cellularLT, 02,49.31,45.52,32.13,5.52,50.53,3.6,59.65
hou_2154_102_cellularLT, 03,38.02,23.85,90.54,4.26,26.48,10.14,40.87
hou_2154_102_cellularLT, 04,49.68,4.16,282.14,5.56,4.62,31.6,41.78
hou_2154_102_cellularLT, 05,99.69,0.04,628.21,11.17,0.05,70.36,81.57
hou_2154_102_cellularLT, 06,168.83,0.0,1087.89,18.91,0.0,121.84,140.75
hou_2154_102_cellularLT, 07,203.32,0.0,1328.39,22.77,0.0,148.78,171.55
hou_2154_102_cellularLT, 08,197.68,0.0,1300.05,22.14,0.0,145.61,167.75
hou_2154_102_cellularLT, 09,157.97,0.0,1018.64,17.69,0.0,114.09,131.78
hou_2154_102_cellularLT, 10,61.77,4.89,354.3,6.92,5.43,39.68,52.03
hou_2154_102_cellularLT, 11,40.29,17.06,145.18,4.51,18.94,16.26,39.71
hou_2154_102_cellularLT, 12,49.96,46.23,32.6,5.59,51.31,3.65,60.56
hou_2154_BBG-VB-15_102, 01,71.85,72.8,9.9,8.05,80.81,1.11,89.97
hou_2154_BBG-VB-15_102, 02,57.71,52.59,41.58,6.46,58.37,4.66,69.5
hou_2154_BBG-VB-15_102, 03,45.47,28.25,109.67,5.09,31.35,12.28,48.73
hou_2154_BBG-VB-15_102, 04,57.16,5.43,320.65,6.4,6.03,35.91,48.35
hou_2154_BBG-VB-15_102, 05,110.71,0.15,696.89,12.4,0.17,78.05,90.62
hou_2154_BBG-VB-15_102, 06,184.81,0.0,1190.59,20.7,0.0,133.35,154.04
hou_2154_BBG-VB-15_102, 07,222.35,0.0,1452.53,24.9,0.0,162.68,187.59
hou_2154_BBG-VB-15_102, 08,215.7,0.0,1418.89,24.16,0.0,158.92,183.07
hou_2154_BBG-VB-15_102, 09,172.47,0.0,1112.96,19.32,0.0,124.65,143.97
hou_2154_BBG-VB-15_102, 10,71.32,6.74,402.67,7.99,7.48,45.1,60.57
hou_2154_BBG-VB-15_102, 11,47.74,20.77,168.51,5.35,23.06,18.87,47.28
hou_2154_BBG-VB-15_102, 12,59.13,54.19,41.57,6.62,60.15,4.66,71.43
hou_2154_BBG-VB-30_102, 01,69.86,70.58,10.8,7.82,78.34,1.21,87.38
hou_2154_BBG-VB-30_102, 02,56.49,51.03,43.19,6.33,56.64,4.84,67.8
hou_2154_BBG-VB-30_102, 03,44.84,27.34,111.02,5.02,30.35,12.43,47.8
hou_2154_BBG-VB-30_102, 04,56.92,5.17,320.63,6.38,5.74,35.91,48.03
hou_2154_BBG-VB-30_102, 05,110.33,0.13,694.57,12.36,0.15,77.79,90.3
hou_2154_BBG-VB-30_102, 06,183.93,0.0,1184.93,20.6,0.0,132.71,153.31
hou_2154_BBG-VB-30_102, 07,221.04,0.0,1443.99,24.76,0.0,161.73,186.48
hou_2154_BBG-VB-30_102, 08,214.47,0.0,1410.75,24.02,0.0,158.0,182.02
hou_2154_BBG-VB-30_102, 09,171.8,0.0,1108.47,19.24,0.0,124.15,143.39
hou_2154_BBG-VB-30_102, 10,71.73,6.41,406.96,8.03,7.11,45.58,60.73
hou_2154_BBG-VB-30_102, 11,47.71,20.0,172.72,5.34,22.19,19.34,46.88
hou_2154_BBG-VB-30_102, 12,57.74,52.49,42.94,6.47,58.27,4.81,69.54
hou_2154_BBG-VB-45_102, 01,68.16,68.89,10.38,7.63,76.46,1.16,85.26
hou_2154_BBG-VB-45_102, 02,55.08,49.66,42.65,6.17,55.12,4.78,66.07
hou_2154_BBG-VB-45_102, 03,43.89,26.5,110.11,4.92,29.41,12.33,46.66
hou_2154_BBG-VB-45_102, 04,55.77,4.95,314.86,6.25,5.5,35.26,47.01
hou_2154_BBG-VB-45_102, 05,108.53,0.11,683.42,12.16,0.12,76.54,88.82
hou_2154_BBG-VB-45_102, 06,181.39,0.0,1168.61,20.32,0.0,130.88,151.2
hou_2154_BBG-VB-45_102, 07,218.0,0.0,1424.2,24.42,0.0,159.51,183.93
hou_2154_BBG-VB-45_102, 08,211.62,0.0,1392.0,23.7,0.0,155.9,179.6
hou_2154_BBG-VB-45_102, 09,169.88,0.0,1096.06,19.03,0.0,122.76,141.79
hou_2154_BBG-VB-45_102, 10,71.03,6.08,404.42,7.95,6.75,45.29,60.0
hou_2154_BBG-VB-45_102, 11,46.67,19.35,170.18,5.23,21.48,19.06,45.76
hou_2154_BBG-VB-45_102, 12,56.15,51.17,41.08,6.29,56.8,4.6,67.69
hou_2154_BBG-VB-60_102, 01,66.97,67.99,8.51,7.5,75.47,0.95,83.92
hou_2154_BBG-VB-60_102, 02,53.61,48.89,38.35,6.0,54.27,4.3,64.57
hou_2154_BBG-VB-60_102, 03,42.4,25.94,104.52,4.75,28.79,11.71,45.25
hou_2154_BBG-VB-60_102, 04,53.8,4.8,303.77,6.03,5.33,34.02,45.37
hou_2154_BBG-VB-60_102, 05,105.36,0.09,663.72,11.8,0.1,74.34,86.24
hou_2154_BBG-VB-60_102, 06,177.26,0.0,1142.21,19.85,0.0,127.93,147.78
hou_2154_BBG-VB-60_102, 07,213.35,0.0,1394.01,23.9,0.0,156.13,180.02
hou_2154_BBG-VB-60_102, 08,207.41,0.0,1364.38,23.23,0.0,152.81,176.04
hou_2154_BBG-VB-60_102, 09,166.6,0.0,1074.92,18.66,0.0,120.39,139.05
hou_2154_BBG-VB-60_102, 10,68.07,5.81,387.83,7.62,6.45,43.44,57.51
hou_2154_BBG-VB-60_102, 11,44.38,18.94,158.91,4.97,21.02,17.8,43.79
hou_2154_BBG-VB-60_102, 12,54.62,50.33,36.83,6.12,55.87,4.13,66.11
hou_2154_BBG-VB-75_102, 01,66.32,67.74,6.11,7.43,75.19,0.68,83.31
hou_2154_BBG-VB-75_102, 02,52.33,48.69,32.0,5.86,54.05,3.58,63.49
hou_2154_BBG-VB-75_102, 03,40.15,25.84,91.9,4.5,28.68,10.29,43.47
hou_2154_BBG-VB-75_102, 04,50.88,4.73,286.38,5.7,5.25,32.07,43.03
hou_2154_BBG-VB-75_102, 05,101.15,0.08,637.46,11.33,0.09,71.4,82.81
hou_2154_BBG-VB-75_102, 06,172.05,0.0,1108.76,19.27,0.0,124.18,143.45
hou_2154_BBG-VB-75_102, 07,207.62,0.0,1356.65,23.25,0.0,151.94,175.2
hou_2154_BBG-VB-75_102, 08,202.16,0.0,1329.83,22.64,0.0,148.94,171.58
hou_2154_BBG-VB-75_102, 09,161.51,0.0,1041.92,18.09,0.0,116.7,134.78
hou_2154_BBG-VB-75_102, 10,63.36,5.63,360.08,7.1,6.25,40.33,53.67
hou_2154_BBG-VB-75_102, 11,41.7,18.75,144.03,4.67,20.81,16.13,41.61
hou_2154_BBG-VB-75_102, 12,53.42,49.94,32.0,5.98,55.43,3.58,65.0
hou_2154_BBG-VB0_102, 01,73.03,74.23,8.77,8.18,82.4,0.98,91.56
hou_2154_BBG-VB0_102, 02,58.22,53.47,39.6,6.52,59.35,4.43,70.31
hou_2154_BBG-VB0_102, 03,45.42,28.8,106.27,5.09,31.97,11.9,48.96
hou_2154_BBG-VB0_102, 04,56.57,5.6,316.17,6.34,6.21,35.41,47.96
hou_2154_BBG-VB0_102, 05,109.86,0.17,691.65,12.3,0.19,77.47,89.95
hou_2154_BBG-VB0_102, 06,184.06,0.0,1185.95,20.61,0.0,132.83,153.44
hou_2154_BBG-VB0_102, 07,221.78,0.0,1448.95,24.84,0.0,162.28,187.12
hou_2154_BBG-VB0_102, 08,215.13,0.0,1415.32,24.09,0.0,158.52,182.61
hou_2154_BBG-VB0_102, 09,171.63,0.0,1107.71,19.22,0.0,124.06,143.29
hou_2154_BBG-VB0_102, 10,70.31,6.91,395.58,7.87,7.67,44.3,59.85
hou_2154_BBG-VB0_102, 11,47.14,21.24,162.27,5.28,23.58,18.17,47.03
hou_2154_BBG-VB0_102, 12,59.72,55.25,38.98,6.69,61.33,4.37,72.38
hou_2154_BBG-VB15_102, 01,72.76,74.09,7.98,8.15,82.24,0.89,91.29
hou_2154_BBG-VB15_102, 02,57.7,53.28,37.64,6.46,59.14,4.22,69.82
hou_2154_BBG-VB15_102, 03,44.72,28.72,102.58,5.01,31.88,11.49,48.38
hou_2154_BBG-VB15_102, 04,55.54,5.57,310.02,6.22,6.19,34.72,47.13
hou_2154_BBG-VB15_102, 05,108.37,0.16,682.47,12.14,0.18,76.44,88.75
hou_2154_BBG-VB15_102, 06,182.23,0.0,1174.33,20.41,0.0,131.52,151.94
hou_2154_BBG-VB15_102, 07,219.76,0.0,1435.87,24.61,0.0,160.82,185.43
hou_2154_BBG-VB15_102, 08,213.24,0.0,1402.97,23.88,0.0,157.13,181.02
hou_2154_BBG-VB15_102, 09,169.85,0.0,1096.27,19.02,0.0,122.78,141.81
hou_2154_BBG-VB15_102, 10,68.95,6.84,387.67,7.72,7.59,43.42,58.73
hou_2154_BBG-VB15_102, 11,46.22,21.16,157.26,5.18,23.49,17.61,46.28
hou_2154_BBG-VB15_102, 12,59.22,55.11,36.86,6.63,61.18,4.13,71.94
hou_2154_BBG-VB30_102, 01,71.33,72.74,7.28,7.99,80.74,0.82,89.55
hou_2154_BBG-VB30_102, 02,56.38,52.28,35.51,6.31,58.03,3.98,68.32
hou_2154_BBG-VB30_102, 03,43.46,28.13,98.52,4.87,31.22,11.03,47.12
hou_2154_BBG-VB30_102, 04,54.14,5.4,302.5,6.06,5.99,33.88,45.93
hou_2154_BBG-VB30_102, 05,106.38,0.14,670.16,11.92,0.15,75.06,87.13
hou_2154_BBG-VB30_102, 06,179.57,0.0,1157.23,20.11,0.0,129.61,149.72
hou_2154_BBG-VB30_102, 07,216.63,0.0,1415.56,24.26,0.0,158.54,182.81
hou_2154_BBG-VB30_102, 08,210.28,0.0,1383.54,23.55,0.0,154.96,178.51
hou_2154_BBG-VB30_102, 09,167.31,0.0,1079.8,18.74,0.0,120.94,139.68
hou_2154_BBG-VB30_102, 10,67.16,6.57,378.23,7.52,7.29,42.36,57.17
hou_2154_BBG-VB30_102, 11,44.89,20.65,152.27,5.03,22.92,17.05,45.01
hou_2154_BBG-VB30_102, 12,57.85,54.0,35.07,6.48,59.94,3.93,70.35
hou_2154_BBG-VB45_102, 01,69.66,71.14,6.54,7.8,78.97,0.73,87.5
hou_2154_BBG-VB45_102, 02,54.89,51.11,33.33,6.15,56.74,3.73,66.62
hou_2154_BBG-VB45_102, 03,42.02,27.43,93.97,4.71,30.44,10.52,45.68
hou_2154_BBG-VB45_102, 04,52.51,5.19,293.75,5.88,5.76,32.9,44.54
hou_2154_BBG-VB45_102, 05,104.05,0.12,655.67,11.65,0.13,73.43,85.22
hou_2154_BBG-VB45_102, 06,176.4,0.0,1136.91,19.76,0.0,127.33,147.09
hou_2154_BBG-VB45_102, 07,212.92,0.0,1391.37,23.85,0.0,155.83,179.68
hou_2154_BBG-VB45_102, 08,206.83,0.0,1360.79,23.17,0.0,152.41,175.57
hou_2154_BBG-VB45_102, 09,164.43,0.0,1061.06,18.42,0.0,118.84,137.26
hou_2154_BBG-VB45_102, 10,65.16,6.25,367.72,7.3,6.93,41.18,55.42
hou_2154_BBG-VB45_102, 11,43.46,20.04,147.21,4.87,22.24,16.49,43.6
hou_2154_BBG-VB45_102, 12,56.28,52.68,33.31,6.3,58.47,3.73,68.5
hou_2154_BBG-VB60_102, 01,68.09,69.64,5.81,7.63,77.3,0.65,85.57
hou_2154_BBG-VB60_102, 02,53.48,50.04,31.12,5.99,55.54,3.49,65.01
hou_2154_BBG-VB60_102, 03,40.58,26.77,89.21,4.55,29.72,9.99,44.25
hou_2154_BBG-VB60_102, 04,50.78,4.99,284.32,5.69,5.54,31.84,43.07
hou_2154_BBG-VB60_102, 05,101.54,0.1,640.0,11.37,0.11,71.68,83.16
hou_2154_BBG-VB60_102, 06,173.04,0.0,1115.24,19.38,0.0,124.91,144.29
hou_2154_BBG-VB60_102, 07,209.01,0.0,1365.78,23.41,0.0,152.97,176.38
hou_2154_BBG-VB60_102, 08,203.2,0.0,1336.8,22.76,0.0,149.72,172.48
hou_2154_BBG-VB60_102, 09,161.43,0.0,1041.53,18.08,0.0,116.65,134.73
hou_2154_BBG-VB60_102, 10,63.1,5.94,356.78,7.07,6.59,39.96,53.62
hou_2154_BBG-VB60_102, 11,42.05,19.45,142.13,4.71,21.59,15.92,42.22
hou_2154_BBG-VB60_102, 12,54.78,51.42,31.59,6.13,57.07,3.54,66.74
hou_2154_BBG-VB75_102, 01,66.87,68.5,5.09,7.49,76.04,0.57,84.1
hou_2154_BBG-VB75_102, 02,52.34,49.23,28.97,5.86,54.65,3.24,63.75
hou_2154_BBG-VB75_102, 03,39.3,26.29,84.36,4.4,29.18,9.45,43.03
hou_2154_BBG-VB75_102, 04,49.06,4.85,274.61,5.5,5.38,30.76,41.63
hou_2154_BBG-VB75_102, 05,99.01,0.08,624.17,11.09,0.09,69.91,81.09
hou_2154_BBG-VB75_102, 06,169.73,0.0,1093.92,19.01,0.0,122.52,141.53
hou_2154_BBG-VB75_102, 07,205.21,0.0,1340.9,22.98,0.0,150.18,173.16
hou_2154_BBG-VB75_102, 08,199.69,0.0,1313.55,22.37,0.0,147.12,169.48
hou_2154_BBG-VB75_102, 09,158.49,0.0,1022.43,17.75,0.0,114.51,132.26
hou_2154_BBG-VB75_102, 10,61.11,5.7,345.88,6.84,6.33,38.74,51.91
hou_2154_BBG-VB75_102, 11,40.82,19.0,137.28,4.57,21.1,15.38,41.04
hou_2154_BBG-VB75_102, 12,53.57,50.45,29.92,6.0,56.0,3.35,65.35
