Scenario,Month,FanEnergy(kWh),HeatingEnergy(therms),CoolingEnergy(kWh),FanCost($),HeatingCost($),CoolingCost($),MonthlyCost($)
Clear/Clear, 01,69.94,59.4,71.57,7.83,65.94,8.02,81.79
Clear/Clear, 02,67.69,43.59,148.87,7.58,48.38,16.67,72.63
Clear/Clear, 03,73.45,22.43,303.16,8.23,24.9,33.95,67.08
Clear/Clear, 04,99.46,4.09,581.29,11.14,4.54,65.1,80.78
Clear/Clear, 05,163.67,0.11,1022.63,18.33,0.13,114.53,132.99
Clear/Clear, 06,240.36,0.0,1542.96,26.92,0.0,172.81,199.73
Clear/Clear, 07,280.22,0.0,1826.28,31.38,0.0,204.54,235.93
Clear/Clear, 08,267.76,0.0,1757.86,29.99,0.0,196.88,226.87
Clear/Clear, 09,226.64,0.0,1458.54,25.38,0.0,163.36,188.74
Clear/Clear, 10,121.86,6.0,710.91,13.65,6.66,79.62,99.93
Clear/Clear, 11,80.08,17.37,376.23,8.97,19.28,42.14,70.39
Clear/Clear, 12,70.23,46.07,149.48,7.87,51.14,16.74,75.74
Clear/Clear-BBG-15, 01,70.01,66.05,36.33,7.84,73.31,4.07,85.22
Clear/Clear-BBG-15, 02,62.91,48.62,93.92,7.05,53.97,10.52,71.54
Clear/Clear-BBG-15, 03,59.22,25.33,206.03,6.63,28.12,23.08,57.83
Clear/Clear-BBG-15, 04,80.57,4.66,465.94,9.02,5.17,52.19,66.38
Clear/Clear-BBG-15, 05,142.22,0.15,891.16,15.93,0.17,99.81,115.91
Clear/Clear-BBG-15, 06,219.03,0.0,1407.86,24.53,0.0,157.68,182.21
Clear/Clear-BBG-15, 07,258.47,0.0,1685.87,28.95,0.0,188.82,217.77
Clear/Clear-BBG-15, 08,248.63,0.0,1633.34,27.85,0.0,182.93,210.78
Clear/Clear-BBG-15, 09,204.99,0.0,1320.61,22.96,0.0,147.91,170.87
Clear/Clear-BBG-15, 10,99.35,6.57,573.26,11.13,7.29,64.21,82.63
Clear/Clear-BBG-15, 11,65.46,19.12,282.09,7.33,21.22,31.59,60.14
Clear/Clear-BBG-15, 12,65.12,50.29,97.56,7.29,55.82,10.93,74.04
Clear/Clear-BBG-30, 01,69.29,63.91,43.73,7.76,70.94,4.9,83.6
Clear/Clear-BBG-30, 02,62.9,47.09,102.27,7.04,52.26,11.45,70.76
Clear/Clear-BBG-30, 03,59.61,24.66,211.81,6.68,27.37,23.72,57.77
Clear/Clear-BBG-30, 04,80.78,4.49,468.05,9.05,4.98,52.42,66.45
Clear/Clear-BBG-30, 05,142.22,0.14,891.16,15.93,0.15,99.81,115.89
Clear/Clear-BBG-30, 06,218.85,0.0,1406.66,24.51,0.0,157.55,182.06
Clear/Clear-BBG-30, 07,257.87,0.0,1681.93,28.88,0.0,188.38,217.26
Clear/Clear-BBG-30, 08,248.18,0.0,1630.3,27.8,0.0,182.59,210.39
Clear/Clear-BBG-30, 09,205.16,0.0,1321.62,22.98,0.0,148.02,171.0
Clear/Clear-BBG-30, 10,102.3,6.35,592.04,11.46,7.05,66.31,84.82
Clear/Clear-BBG-30, 11,67.97,18.56,299.54,7.61,20.6,33.55,61.76
Clear/Clear-BBG-30, 12,65.77,48.93,108.56,7.37,54.31,12.16,73.84
Clear/Clear-BBG-45, 01,68.23,63.43,40.37,7.64,70.41,4.52,82.57
Clear/Clear-BBG-45, 02,61.89,46.26,100.9,6.93,51.35,11.3,69.58
Clear/Clear-BBG-45, 03,59.08,24.31,210.3,6.62,26.99,23.55,57.16
Clear/Clear-BBG-45, 04,77.91,4.43,451.21,8.73,4.91,50.54,64.18
Clear/Clear-BBG-45, 05,137.91,0.12,864.79,15.45,0.13,96.86,112.44
Clear/Clear-BBG-45, 06,213.97,0.0,1375.86,23.96,0.0,154.1,178.06
Clear/Clear-BBG-45, 07,252.51,0.0,1647.58,28.28,0.0,184.53,212.81
Clear/Clear-BBG-45, 08,243.34,0.0,1599.07,27.25,0.0,179.1,206.35
Clear/Clear-BBG-45, 09,201.89,0.0,1300.98,22.61,0.0,145.71,168.32
Clear/Clear-BBG-45, 10,101.68,6.15,589.31,11.39,6.83,66.0,84.22
Clear/Clear-BBG-45, 11,66.25,18.31,290.76,7.42,20.32,32.57,60.31
Clear/Clear-BBG-45, 12,63.36,48.48,97.34,7.1,53.82,10.9,71.81
Clear/Clear-BBG-60, 01,66.93,64.63,26.62,7.5,71.74,2.98,82.22
Clear/Clear-BBG-60, 02,58.89,46.76,80.92,6.6,51.9,9.06,67.56
Clear/Clear-BBG-60, 03,55.7,24.47,189.75,6.24,27.16,21.25,54.65
Clear/Clear-BBG-60, 04,72.16,4.49,416.36,8.08,4.98,46.63,59.7
Clear/Clear-BBG-60, 05,129.11,0.11,810.8,14.46,0.12,90.81,105.39
Clear/Clear-BBG-60, 06,204.09,0.0,1313.34,22.86,0.0,147.09,169.95
Clear/Clear-BBG-60, 07,242.04,0.0,1580.16,27.11,0.0,176.98,204.09
Clear/Clear-BBG-60, 08,234.25,0.0,1540.22,26.24,0.0,172.5,198.74
Clear/Clear-BBG-60, 09,194.35,0.0,1253.14,21.77,0.0,140.35,162.12
Clear/Clear-BBG-60, 10,93.02,6.0,538.1,10.42,6.66,60.27,77.34
Clear/Clear-BBG-60, 11,58.72,18.38,246.51,6.58,20.4,27.61,54.59
Clear/Clear-BBG-60, 12,58.99,48.84,70.56,6.61,54.21,7.9,68.72
Clear/Clear-BBG-75, 01,67.0,67.08,13.67,7.5,74.46,1.53,83.5
Clear/Clear-BBG-75, 02,55.52,48.32,52.73,6.22,53.64,5.91,65.76
Clear/Clear-BBG-75, 03,47.62,25.31,138.57,5.33,28.09,15.52,48.95
Clear/Clear-BBG-75, 04,62.79,4.64,359.24,7.03,5.15,40.24,52.42
Clear/Clear-BBG-75, 05,116.79,0.1,734.75,13.08,0.11,82.29,95.48
Clear/Clear-BBG-75, 06,190.31,0.0,1225.61,21.32,0.0,137.27,158.58
Clear/Clear-BBG-75, 07,227.53,0.0,1486.15,25.48,0.0,166.45,191.93
Clear/Clear-BBG-75, 08,221.16,0.0,1454.69,24.77,0.0,162.93,187.7
Clear/Clear-BBG-75, 09,180.61,0.0,1164.99,20.23,0.0,130.48,150.71
Clear/Clear-BBG-75, 10,77.94,5.9,447.53,8.73,6.55,50.12,65.4
Clear/Clear-BBG-75, 11,49.48,18.74,190.37,5.54,20.8,21.32,47.66
Clear/Clear-BBG-75, 12,55.96,49.91,47.18,6.27,55.4,5.28,66.95
Clear/Clear-BBG0, 01,70.77,68.35,28.16,7.93,75.87,3.15,86.95
Clear/Clear-BBG0, 02,62.55,49.9,84.8,7.01,55.39,9.5,71.89
Clear/Clear-BBG0, 03,57.66,26.08,192.94,6.46,28.94,21.61,57.01
Clear/Clear-BBG0, 04,78.1,4.85,450.21,8.75,5.38,50.42,64.55
Clear/Clear-BBG0, 05,139.11,0.16,872.18,15.58,0.18,97.68,113.44
Clear/Clear-BBG0, 06,215.86,0.0,1388.04,24.18,0.0,155.46,179.64
Clear/Clear-BBG0, 07,255.48,0.0,1666.84,28.61,0.0,186.69,215.3
Clear/Clear-BBG0, 08,245.72,0.0,1614.66,27.52,0.0,180.84,208.36
Clear/Clear-BBG0, 09,201.55,0.0,1298.99,22.57,0.0,145.49,168.06
Clear/Clear-BBG0, 10,95.4,6.73,548.64,10.68,7.47,61.45,79.6
Clear/Clear-BBG0, 11,61.87,19.69,258.05,6.93,21.86,28.9,57.69
Clear/Clear-BBG0, 12,63.42,51.7,80.31,7.1,57.38,9.0,73.48
Clear/Clear-BBG15, 01,70.92,69.39,23.33,7.94,77.03,2.61,87.58
Clear/Clear-BBG15, 02,61.57,50.37,76.54,6.9,55.91,8.57,71.38
Clear/Clear-BBG15, 03,55.6,26.45,178.89,6.23,29.36,20.04,55.63
Clear/Clear-BBG15, 04,74.89,4.96,430.39,8.39,5.5,48.2,62.1
Clear/Clear-BBG15, 05,134.9,0.16,846.48,15.11,0.18,94.81,110.09
Clear/Clear-BBG15, 06,211.28,0.0,1359.21,23.66,0.0,152.23,175.89
Clear/Clear-BBG15, 07,250.66,0.0,1636.0,28.07,0.0,183.23,211.31
Clear/Clear-BBG15, 08,241.28,0.0,1586.08,27.02,0.0,177.64,204.66
Clear/Clear-BBG15, 09,196.97,0.0,1269.95,22.06,0.0,142.23,164.3
Clear/Clear-BBG15, 10,91.36,6.74,524.27,10.23,7.48,58.72,76.43
Clear/Clear-BBG15, 11,58.98,19.94,239.72,6.61,22.13,26.85,55.58
Clear/Clear-BBG15, 12,62.0,52.3,68.9,6.94,58.05,7.72,72.71
Clear/Clear-BBG30, 01,70.31,69.43,19.65,7.87,77.06,2.2,87.14
Clear/Clear-BBG30, 02,59.98,50.26,67.9,6.72,55.79,7.6,70.11
Clear/Clear-BBG30, 03,52.97,26.46,163.56,5.93,29.37,18.32,53.62
Clear/Clear-BBG30, 04,71.05,4.96,407.35,7.96,5.51,45.62,59.09
Clear/Clear-BBG30, 05,129.87,0.15,815.62,14.55,0.16,91.35,106.06
Clear/Clear-BBG30, 06,205.65,0.0,1323.55,23.03,0.0,148.24,171.27
Clear/Clear-BBG30, 07,244.52,0.0,1596.46,27.39,0.0,178.8,206.19
Clear/Clear-BBG30, 08,235.63,0.0,1549.4,26.39,0.0,173.53,199.92
Clear/Clear-BBG30, 09,191.48,0.0,1234.91,21.45,0.0,138.31,159.76
Clear/Clear-BBG30, 10,86.75,6.6,497.18,9.72,7.33,55.68,72.73
Clear/Clear-BBG30, 11,55.84,19.84,221.78,6.25,22.03,24.84,53.12
Clear/Clear-BBG30, 12,60.36,52.12,60.4,6.76,57.86,6.76,71.38
Clear/Clear-BBG45, 01,69.5,69.25,16.04,7.78,76.87,1.8,86.45
Clear/Clear-BBG45, 02,58.18,50.02,58.76,6.52,55.52,6.58,68.62
Clear/Clear-BBG45, 03,49.99,26.38,146.57,5.6,29.28,16.42,51.3
Clear/Clear-BBG45, 04,66.56,4.93,380.49,7.45,5.47,42.61,55.54
Clear/Clear-BBG45, 05,123.9,0.13,778.83,13.88,0.15,87.23,101.25
Clear/Clear-BBG45, 06,198.85,0.0,1280.27,22.27,0.0,143.39,165.66
Clear/Clear-BBG45, 07,237.1,0.0,1548.48,26.56,0.0,173.43,199.99
Clear/Clear-BBG45, 08,228.94,0.0,1505.75,25.64,0.0,168.64,194.29
Clear/Clear-BBG45, 09,185.21,0.0,1194.71,20.74,0.0,133.81,154.55
Clear/Clear-BBG45, 10,81.63,6.41,467.22,9.14,7.12,52.33,68.59
Clear/Clear-BBG45, 11,52.55,19.65,203.44,5.89,21.81,22.79,50.48
Clear/Clear-BBG45, 12,58.71,51.76,52.88,6.58,57.46,5.92,69.95
Clear/Clear-BBG60, 01,68.69,69.03,12.6,7.69,76.62,1.41,85.73
Clear/Clear-BBG60, 02,56.44,49.78,49.94,6.32,55.26,5.59,67.17
Clear/Clear-BBG60, 03,46.9,26.3,128.96,5.25,29.2,14.44,48.89
Clear/Clear-BBG60, 04,61.73,4.88,351.55,6.91,5.42,39.37,51.71
Clear/Clear-BBG60, 05,117.33,0.11,738.17,13.14,0.13,82.68,95.94
Clear/Clear-BBG60, 06,191.36,0.0,1232.46,21.43,0.0,138.04,159.47
Clear/Clear-BBG60, 07,228.95,0.0,1495.51,25.64,0.0,167.5,193.14
Clear/Clear-BBG60, 08,221.56,0.0,1457.3,24.81,0.0,163.22,188.03
Clear/Clear-BBG60, 09,178.51,0.0,1151.55,19.99,0.0,128.97,148.97
Clear/Clear-BBG60, 10,76.21,6.2,435.49,8.54,6.88,48.77,64.19
Clear/Clear-BBG60, 11,49.26,19.43,185.26,5.52,21.56,20.75,47.83
Clear/Clear-BBG60, 12,57.21,51.37,46.23,6.41,57.02,5.18,68.61
Clear/Clear-BBG75, 01,68.11,68.96,9.69,7.63,76.54,1.09,85.26
Clear/Clear-BBG75, 02,54.94,49.67,41.8,6.15,55.13,4.68,65.97
Clear/Clear-BBG75, 03,44.0,26.33,111.82,4.93,29.23,12.52,46.68
Clear/Clear-BBG75, 04,56.95,4.88,322.6,6.38,5.41,36.13,47.92
Clear/Clear-BBG75, 05,110.56,0.1,696.14,12.38,0.11,77.97,90.46
Clear/Clear-BBG75, 06,183.65,0.0,1183.09,20.57,0.0,132.51,153.07
Clear/Clear-BBG75, 07,220.56,0.0,1440.86,24.7,0.0,161.38,186.08
Clear/Clear-BBG75, 08,213.95,0.0,1407.27,23.96,0.0,157.61,181.58
Clear/Clear-BBG75, 09,171.63,0.0,1107.2,19.22,0.0,124.01,143.23
Clear/Clear-BBG75, 10,70.89,6.02,404.05,7.94,6.68,45.25,59.88
Clear/Clear-BBG75, 11,46.22,19.27,168.04,5.18,21.39,18.82,45.39
Clear/Clear-BBG75, 12,55.97,51.12,40.3,6.27,56.75,4.51,67.53
Clear/Clear-HTcellular, 01,63.72,58.92,39.51,7.14,65.4,4.43,76.96
Clear/Clear-HTcellular, 02,58.99,43.19,101.34,6.61,47.94,11.35,65.9
Clear/Clear-HTcellular, 03,58.85,22.01,221.82,6.59,24.43,24.84,55.87
Clear/Clear-HTcellular, 04,81.18,3.78,474.22,9.09,4.2,53.11,66.4
Clear/Clear-HTcellular, 05,141.31,0.07,885.65,15.83,0.08,99.19,115.1
Clear/Clear-HTcellular, 06,215.45,0.0,1385.1,24.13,0.0,155.13,179.26
Clear/Clear-HTcellular, 07,253.27,0.0,1652.48,28.37,0.0,185.08,213.44
Clear/Clear-HTcellular, 08,243.74,0.0,1601.58,27.3,0.0,179.38,206.68
Clear/Clear-HTcellular, 09,202.94,0.0,1307.22,22.73,0.0,146.41,169.14
Clear/Clear-HTcellular, 10,100.59,5.35,586.97,11.27,5.94,65.74,82.95
Clear/Clear-HTcellular, 11,64.52,16.57,290.55,7.23,18.39,32.54,58.16
Clear/Clear-HTcellular, 12,59.88,44.77,97.92,6.71,49.7,10.97,67.37
Clear/Clear-LTcellular, 01,60.6,59.66,17.93,6.79,66.22,2.01,75.01
Clear/Clear-LTcellular, 02,52.18,43.39,60.85,5.84,48.17,6.82,60.83
Clear/Clear-LTcellular, 03,46.22,22.2,147.83,5.18,24.64,16.56,46.38
Clear/Clear-LTcellular, 04,64.0,3.74,371.43,7.17,4.15,41.6,52.92
Clear/Clear-LTcellular, 05,119.5,0.04,751.18,13.38,0.05,84.13,97.56
Clear/Clear-LTcellular, 06,191.01,0.0,1229.55,21.39,0.0,137.71,159.1
Clear/Clear-LTcellular, 07,226.92,0.0,1481.83,25.42,0.0,165.96,191.38
Clear/Clear-LTcellular, 08,219.45,0.0,1442.79,24.58,0.0,161.59,186.17
Clear/Clear-LTcellular, 09,179.37,0.0,1156.17,20.09,0.0,129.49,149.58
Clear/Clear-LTcellular, 10,79.61,4.86,463.12,8.92,5.39,51.87,66.18
Clear/Clear-LTcellular, 11,50.35,16.2,209.79,5.64,17.98,23.5,47.11
Clear/Clear-LTcellular, 12,52.02,44.23,56.02,5.83,49.09,6.27,61.19
Clear/Clear-VB-15, 01,65.02,57.59,53.96,7.28,63.92,6.04,77.25
Clear/Clear-VB-15, 02,61.9,42.45,122.18,6.93,47.12,13.68,67.74
Clear/Clear-VB-15, 03,64.1,21.49,255.07,7.18,23.86,28.57,59.6
Clear/Clear-VB-15, 04,89.36,3.72,523.35,10.01,4.13,58.61,72.75
Clear/Clear-VB-15, 05,151.99,0.08,950.95,17.02,0.08,106.51,123.61
Clear/Clear-VB-15, 06,227.08,0.0,1458.46,25.43,0.0,163.35,188.78
Clear/Clear-VB-15, 07,265.66,0.0,1732.06,29.75,0.0,193.99,223.74
Clear/Clear-VB-15, 08,254.79,0.0,1673.01,28.54,0.0,187.38,215.91
Clear/Clear-VB-15, 09,213.51,0.0,1374.23,23.91,0.0,153.91,177.83
Clear/Clear-VB-15, 10,109.78,5.41,641.84,12.3,6.01,71.89,90.19
Clear/Clear-VB-15, 11,71.52,16.35,332.52,8.01,18.15,37.24,63.4
Clear/Clear-VB-15, 12,63.91,44.11,124.48,7.16,48.96,13.94,70.06
Clear/Clear-VB-30, 01,65.35,57.45,56.51,7.32,63.77,6.33,77.42
Clear/Clear-VB-30, 02,62.14,42.32,124.17,6.96,46.98,13.91,67.85
Clear/Clear-VB-30, 03,64.17,21.52,255.21,7.19,23.89,28.58,59.66
Clear/Clear-VB-30, 04,88.81,3.73,520.04,9.95,4.14,58.24,72.33
Clear/Clear-VB-30, 05,151.14,0.07,945.73,16.93,0.08,105.92,122.93
Clear/Clear-VB-30, 06,226.29,0.0,1453.44,25.34,0.0,162.79,188.13
Clear/Clear-VB-30, 07,264.77,0.0,1726.32,29.65,0.0,193.35,223.0
Clear/Clear-VB-30, 08,254.1,0.0,1668.51,28.46,0.0,186.87,215.33
Clear/Clear-VB-30, 09,213.06,0.0,1371.43,23.86,0.0,153.6,177.46
Clear/Clear-VB-30, 10,110.42,5.41,645.68,12.37,6.01,72.32,90.69
Clear/Clear-VB-30, 11,72.26,16.36,336.63,8.09,18.16,37.7,63.96
Clear/Clear-VB-30, 12,64.42,44.08,127.45,7.22,48.93,14.27,70.42
Clear/Clear-VB-45, 01,65.2,58.21,51.55,7.3,64.61,5.77,77.69
Clear/Clear-VB-45, 02,61.54,42.66,118.84,6.89,47.36,13.31,67.56
Clear/Clear-VB-45, 03,62.93,21.79,246.5,7.05,24.19,27.61,58.85
Clear/Clear-VB-45, 04,85.86,3.77,502.24,9.62,4.19,56.25,70.06
Clear/Clear-VB-45, 05,147.23,0.07,921.9,16.49,0.08,103.25,119.82
Clear/Clear-VB-45, 06,222.31,0.0,1428.36,24.9,0.0,159.98,184.87
Clear/Clear-VB-45, 07,260.63,0.0,1699.73,29.19,0.0,190.37,219.56
Clear/Clear-VB-45, 08,250.45,0.0,1644.97,28.05,0.0,184.24,212.29
Clear/Clear-VB-45, 09,209.97,0.0,1351.92,23.52,0.0,151.42,174.93
Clear/Clear-VB-45, 10,108.34,5.42,633.15,12.13,6.02,70.91,89.07
Clear/Clear-VB-45, 11,70.27,16.53,324.1,7.87,18.35,36.3,62.52
Clear/Clear-VB-45, 12,62.99,44.56,116.73,7.05,49.46,13.07,69.59
Clear/Clear-VB-60, 01,64.47,59.94,38.2,7.22,66.53,4.28,78.03
Clear/Clear-VB-60, 02,59.56,43.77,101.39,6.67,48.58,11.36,66.61
Clear/Clear-VB-60, 03,59.55,22.37,223.82,6.67,24.83,25.07,56.56
Clear/Clear-VB-60, 04,80.51,3.87,469.81,9.02,4.3,52.62,65.93
Clear/Clear-VB-60, 05,140.07,0.07,878.12,15.69,0.08,98.35,114.12
Clear/Clear-VB-60, 06,214.8,0.0,1380.95,24.06,0.0,154.67,178.72
Clear/Clear-VB-60, 07,252.87,0.0,1649.82,28.32,0.0,184.78,213.1
Clear/Clear-VB-60, 08,243.75,0.0,1601.56,27.3,0.0,179.37,206.67
Clear/Clear-VB-60, 09,203.76,0.0,1312.58,22.82,0.0,147.01,169.83
Clear/Clear-VB-60, 10,101.3,5.46,590.83,11.35,6.06,66.17,83.58
Clear/Clear-VB-60, 11,64.39,16.87,288.19,7.21,18.72,32.28,58.21
Clear/Clear-VB-60, 12,59.99,45.54,94.43,6.72,50.55,10.58,67.84
Clear/Clear-VB-75, 01,64.59,62.49,25.16,7.23,69.36,2.82,79.41
Clear/Clear-VB-75, 02,57.09,45.49,77.74,6.39,50.49,8.71,65.59
Clear/Clear-VB-75, 03,53.36,23.32,182.98,5.98,25.89,20.49,52.36
Clear/Clear-VB-75, 04,72.73,4.04,422.46,8.15,4.48,47.32,59.94
Clear/Clear-VB-75, 05,130.57,0.08,819.71,14.62,0.08,91.81,106.51
Clear/Clear-VB-75, 06,204.75,0.0,1317.16,22.93,0.0,147.52,170.45
Clear/Clear-VB-75, 07,242.48,0.0,1582.69,27.16,0.0,177.26,204.42
Clear/Clear-VB-75, 08,234.49,0.0,1541.32,26.26,0.0,172.63,198.89
Clear/Clear-VB-75, 09,193.8,0.0,1248.98,21.71,0.0,139.89,161.59
Clear/Clear-VB-75, 10,90.38,5.53,524.87,10.12,6.14,58.79,75.05
Clear/Clear-VB-75, 11,57.16,17.38,243.25,6.4,19.29,27.24,52.94
Clear/Clear-VB-75, 12,57.18,46.95,70.72,6.4,52.11,7.92,66.44
Clear/Clear-VB0, 01,64.67,58.22,48.65,7.24,64.62,5.45,77.31
Clear/Clear-VB0, 02,61.31,42.84,116.7,6.87,47.55,13.07,67.48
Clear/Clear-VB0, 03,63.01,21.67,247.89,7.06,24.06,27.76,58.88
Clear/Clear-VB0, 04,88.08,3.74,515.68,9.87,4.15,57.76,71.78
Clear/Clear-VB0, 05,150.58,0.08,942.39,16.86,0.09,105.55,122.5
Clear/Clear-VB0, 06,225.61,0.0,1449.3,25.27,0.0,162.32,187.59
Clear/Clear-VB0, 07,264.2,0.0,1722.76,29.59,0.0,192.95,222.54
Clear/Clear-VB0, 08,253.38,0.0,1663.95,28.38,0.0,186.36,214.74
Clear/Clear-VB0, 09,211.81,0.0,1363.5,23.72,0.0,152.71,176.44
Clear/Clear-VB0, 10,107.61,5.43,628.79,12.05,6.03,70.42,88.5
Clear/Clear-VB0, 11,69.45,16.46,320.03,7.78,18.27,35.84,61.89
Clear/Clear-VB0, 12,62.68,44.46,115.64,7.02,49.35,12.95,69.32
Clear/Clear-VB15, 01,64.47,59.09,42.83,7.22,65.59,4.8,77.61
Clear/Clear-VB15, 02,60.42,43.37,108.65,6.77,48.14,12.17,67.07
Clear/Clear-VB15, 03,61.11,21.99,235.18,6.84,24.41,26.34,57.59
Clear/Clear-VB15, 04,85.35,3.79,499.2,9.56,4.2,55.91,69.67
Clear/Clear-VB15, 05,147.36,0.08,922.76,16.5,0.08,103.35,119.94
Clear/Clear-VB15, 06,222.28,0.0,1428.32,24.89,0.0,159.97,184.87
Clear/Clear-VB15, 07,260.73,0.0,1700.57,29.2,0.0,190.46,219.67
Clear/Clear-VB15, 08,250.23,0.0,1643.68,28.03,0.0,184.09,212.12
Clear/Clear-VB15, 09,208.45,0.0,1342.22,23.35,0.0,150.33,173.67
Clear/Clear-VB15, 10,104.22,5.45,608.44,11.67,6.05,68.14,85.86
Clear/Clear-VB15, 11,66.82,16.64,303.78,7.48,18.47,34.02,59.97
Clear/Clear-VB15, 12,61.31,44.97,105.07,6.87,49.92,11.77,68.55
Clear/Clear-VB30, 01,64.39,60.1,36.89,7.21,66.71,4.13,78.06
Clear/Clear-VB30, 02,59.36,44.01,99.01,6.65,48.85,11.09,66.59
Clear/Clear-VB30, 03,58.73,22.4,219.21,6.58,24.86,24.55,55.99
Clear/Clear-VB30, 04,81.76,3.85,477.5,9.16,4.28,53.48,66.91
Clear/Clear-VB30, 05,143.03,0.08,896.34,16.02,0.08,100.39,116.49
Clear/Clear-VB30, 06,217.8,0.0,1400.06,24.39,0.0,156.81,181.2
Clear/Clear-VB30, 07,256.04,0.0,1670.39,28.68,0.0,187.08,215.76
Clear/Clear-VB30, 08,246.0,0.0,1616.32,27.55,0.0,181.03,208.58
Clear/Clear-VB30, 09,204.08,0.0,1314.42,22.86,0.0,147.22,170.07
Clear/Clear-VB30, 10,100.01,5.47,583.12,11.2,6.07,65.31,82.58
Clear/Clear-VB30, 11,63.82,16.85,285.07,7.15,18.71,31.93,57.78
Clear/Clear-VB30, 12,59.98,45.57,94.23,6.72,50.59,10.55,67.86
Clear/Clear-VB45, 01,64.43,61.28,30.77,7.22,68.02,3.45,78.68
Clear/Clear-VB45, 02,58.15,44.76,87.92,6.51,49.68,9.85,66.04
Clear/Clear-VB45, 03,55.88,22.87,200.11,6.26,25.39,22.41,54.06
Clear/Clear-VB45, 04,77.4,3.94,450.94,8.67,4.37,50.5,63.55
Clear/Clear-VB45, 05,137.64,0.08,863.26,15.42,0.08,96.69,112.18
Clear/Clear-VB45, 06,212.15,0.0,1364.29,23.76,0.0,152.8,176.56
Clear/Clear-VB45, 07,250.13,0.0,1632.31,28.01,0.0,182.82,210.83
Clear/Clear-VB45, 08,240.72,0.0,1582.01,26.96,0.0,177.19,204.15
Clear/Clear-VB45, 09,198.74,0.0,1280.41,22.26,0.0,143.41,165.67
Clear/Clear-VB45, 10,95.03,5.5,553.05,10.64,6.1,61.94,78.69
Clear/Clear-VB45, 11,60.43,17.12,263.86,6.77,19.0,29.55,55.32
Clear/Clear-VB45, 12,58.6,46.25,82.59,6.56,51.34,9.25,67.15
Clear/Clear-VB60, 01,64.63,62.56,24.91,7.24,69.44,2.79,79.47
Clear/Clear-VB60, 02,56.98,45.58,76.57,6.38,50.6,8.58,65.56
Clear/Clear-VB60, 03,52.78,23.4,179.27,5.91,25.97,20.08,51.96
Clear/Clear-VB60, 04,72.55,4.05,421.34,8.13,4.49,47.19,59.81
Clear/Clear-VB60, 05,131.53,0.08,825.69,14.73,0.08,92.48,107.29
Clear/Clear-VB60, 06,205.72,0.0,1323.43,23.04,0.0,148.22,171.26
Clear/Clear-VB60, 07,243.44,0.0,1589.0,27.26,0.0,177.97,205.23
Clear/Clear-VB60, 08,234.74,0.0,1543.03,26.29,0.0,172.82,199.11
Clear/Clear-VB60, 09,192.81,0.0,1242.55,21.59,0.0,139.17,160.76
Clear/Clear-VB60, 10,89.56,5.54,519.87,10.03,6.14,58.23,74.4
Clear/Clear-VB60, 11,56.9,17.4,241.62,6.37,19.31,27.06,52.75
Clear/Clear-VB60, 12,57.26,46.98,70.94,6.41,52.15,7.95,66.51
Clear/Clear-VB75, 01,65.14,63.98,20.08,7.3,71.02,2.25,80.56
Clear/Clear-VB75, 02,56.07,46.51,66.07,6.28,51.63,7.4,65.31
Clear/Clear-VB75, 03,49.8,23.99,158.77,5.58,26.63,17.78,49.99
Clear/Clear-VB75, 04,67.76,4.2,391.74,7.59,4.66,43.87,56.12
Clear/Clear-VB75, 05,125.38,0.08,787.77,14.04,0.09,88.23,102.36
Clear/Clear-VB75, 06,199.33,0.0,1282.81,22.33,0.0,143.67,166.0
Clear/Clear-VB75, 07,236.82,0.0,1546.14,26.52,0.0,173.17,199.69
Clear/Clear-VB75, 08,228.84,0.0,1504.43,25.63,0.0,168.5,194.13
Clear/Clear-VB75, 09,187.0,0.0,1205.35,20.94,0.0,135.0,155.94
Clear/Clear-VB75, 10,84.31,5.59,487.89,9.44,6.21,54.64,70.3
Clear/Clear-VB75, 11,53.63,17.73,220.59,6.01,19.68,24.71,50.39
Clear/Clear-VB75, 12,56.31,47.82,60.87,6.31,53.08,6.82,66.2
lowE(2)/Clear, 01,63.28,63.05,14.57,7.09,69.99,1.63,78.71
lowE(2)/Clear, 02,53.17,45.73,53.61,5.96,50.75,6.0,62.71
lowE(2)/Clear, 03,45.26,23.74,133.67,5.07,26.35,14.97,46.39
lowE(2)/Clear, 04,61.2,4.17,352.18,6.85,4.62,39.44,50.92
lowE(2)/Clear, 05,115.86,0.06,728.75,12.98,0.07,81.62,94.67
lowE(2)/Clear, 06,187.8,0.0,1209.25,21.03,0.0,135.44,156.47
lowE(2)/Clear, 07,223.96,0.0,1462.69,25.08,0.0,163.82,188.91
lowE(2)/Clear, 08,216.74,0.0,1425.19,24.27,0.0,159.62,183.9
lowE(2)/Clear, 09,175.91,0.0,1134.33,19.7,0.0,127.05,146.75
lowE(2)/Clear, 10,76.09,5.3,439.42,8.52,5.88,49.22,63.62
lowE(2)/Clear, 11,48.72,17.34,193.71,5.46,19.25,21.7,46.4
lowE(2)/Clear, 12,53.34,46.74,49.64,5.97,51.89,5.56,63.42
lowE(2)/Clear-BBG-15, 01,71.85,72.8,9.93,8.05,80.81,1.11,89.97
lowE(2)/Clear-BBG-15, 02,57.73,52.59,41.7,6.47,58.37,4.67,69.51
lowE(2)/Clear-BBG-15, 03,45.52,28.25,109.94,5.1,31.35,12.31,48.76
lowE(2)/Clear-BBG-15, 04,57.29,5.43,321.4,6.42,6.03,36.0,48.45
lowE(2)/Clear-BBG-15, 05,110.93,0.15,698.28,12.42,0.17,78.21,90.8
lowE(2)/Clear-BBG-15, 06,185.1,0.0,1192.41,20.73,0.0,133.55,154.28
lowE(2)/Clear-BBG-15, 07,222.69,0.0,1454.66,24.94,0.0,162.92,187.86
lowE(2)/Clear-BBG-15, 08,216.03,0.0,1420.9,24.19,0.0,159.14,183.34
lowE(2)/Clear-BBG-15, 09,172.78,0.0,1114.88,19.35,0.0,124.87,144.22
lowE(2)/Clear-BBG-15, 10,71.48,6.74,403.62,8.01,7.48,45.21,60.69
lowE(2)/Clear-BBG-15, 11,47.8,20.77,168.9,5.35,23.06,18.92,47.33
lowE(2)/Clear-BBG-15, 12,59.15,54.19,41.7,6.63,60.15,4.67,71.44
lowE(2)/Clear-BBG-30, 01,69.87,70.58,10.83,7.83,78.34,1.21,87.38
lowE(2)/Clear-BBG-30, 02,56.51,51.03,43.32,6.33,56.64,4.85,67.82
lowE(2)/Clear-BBG-30, 03,44.88,27.34,111.29,5.03,30.35,12.46,47.84
lowE(2)/Clear-BBG-30, 04,57.04,5.17,321.38,6.39,5.74,35.99,48.13
lowE(2)/Clear-BBG-30, 05,110.56,0.13,695.96,12.38,0.15,77.95,90.48
lowE(2)/Clear-BBG-30, 06,184.23,0.0,1186.74,20.63,0.0,132.92,153.55
lowE(2)/Clear-BBG-30, 07,221.39,0.0,1446.12,24.8,0.0,161.97,186.76
lowE(2)/Clear-BBG-30, 08,214.8,0.0,1412.76,24.06,0.0,158.23,182.29
lowE(2)/Clear-BBG-30, 09,172.11,0.0,1110.38,19.28,0.0,124.36,143.64
lowE(2)/Clear-BBG-30, 10,71.89,6.41,407.91,8.05,7.11,45.69,60.85
lowE(2)/Clear-BBG-30, 11,47.78,20.0,173.12,5.35,22.19,19.39,46.94
lowE(2)/Clear-BBG-30, 12,57.76,52.49,43.06,6.47,58.27,4.82,69.56
lowE(2)/Clear-BBG-45, 01,68.17,68.88,10.41,7.63,76.46,1.17,85.26
lowE(2)/Clear-BBG-45, 02,55.1,49.66,42.78,6.17,55.12,4.79,66.08
lowE(2)/Clear-BBG-45, 03,43.93,26.5,110.38,4.92,29.41,12.36,46.69
lowE(2)/Clear-BBG-45, 04,55.89,4.95,315.6,6.26,5.5,35.35,47.11
lowE(2)/Clear-BBG-45, 05,108.76,0.11,684.79,12.18,0.12,76.7,89.0
lowE(2)/Clear-BBG-45, 06,181.68,0.0,1170.4,20.35,0.0,131.09,151.43
lowE(2)/Clear-BBG-45, 07,218.34,0.0,1426.31,24.45,0.0,159.75,184.2
lowE(2)/Clear-BBG-45, 08,211.94,0.0,1393.99,23.74,0.0,156.13,179.86
lowE(2)/Clear-BBG-45, 09,170.19,0.0,1097.95,19.06,0.0,122.97,142.03
lowE(2)/Clear-BBG-45, 10,71.18,6.08,405.38,7.97,6.75,45.4,60.13
lowE(2)/Clear-BBG-45, 11,46.74,19.35,170.58,5.23,21.48,19.1,45.82
lowE(2)/Clear-BBG-45, 12,56.17,51.17,41.2,6.29,56.8,4.61,67.7
lowE(2)/Clear-BBG-60, 01,66.98,67.99,8.53,7.5,75.47,0.96,83.92
lowE(2)/Clear-BBG-60, 02,53.63,48.89,38.47,6.01,54.27,4.31,64.58
lowE(2)/Clear-BBG-60, 03,42.45,25.94,104.78,4.75,28.79,11.73,45.28
lowE(2)/Clear-BBG-60, 04,53.92,4.8,304.49,6.04,5.33,34.1,45.47
lowE(2)/Clear-BBG-60, 05,105.58,0.09,665.06,11.83,0.1,74.49,86.42
lowE(2)/Clear-BBG-60, 06,177.55,0.0,1143.98,19.89,0.0,128.13,148.01
lowE(2)/Clear-BBG-60, 07,213.69,0.0,1396.09,23.93,0.0,156.36,180.3
lowE(2)/Clear-BBG-60, 08,207.72,0.0,1366.35,23.26,0.0,153.03,176.3
lowE(2)/Clear-BBG-60, 09,166.91,0.0,1076.8,18.69,0.0,120.6,139.29
lowE(2)/Clear-BBG-60, 10,68.22,5.81,388.76,7.64,6.45,43.54,57.64
lowE(2)/Clear-BBG-60, 11,44.44,18.94,159.29,4.98,21.02,17.84,43.84
lowE(2)/Clear-BBG-60, 12,54.64,50.33,36.94,6.12,55.87,4.14,66.13
lowE(2)/Clear-BBG-75, 01,66.32,67.74,6.13,7.43,75.19,0.69,83.31
lowE(2)/Clear-BBG-75, 02,52.35,48.69,32.1,5.86,54.05,3.59,63.5
lowE(2)/Clear-BBG-75, 03,40.19,25.84,92.13,4.5,28.68,10.32,43.5
lowE(2)/Clear-BBG-75, 04,51.0,4.73,287.06,5.71,5.25,32.15,43.11
lowE(2)/Clear-BBG-75, 05,101.36,0.08,638.75,11.35,0.09,71.54,82.98
lowE(2)/Clear-BBG-75, 06,172.33,0.0,1110.49,19.3,0.0,124.37,143.68
lowE(2)/Clear-BBG-75, 07,207.95,0.0,1358.69,23.29,0.0,152.17,175.46
lowE(2)/Clear-BBG-75, 08,202.47,0.0,1331.76,22.68,0.0,149.16,171.83
lowE(2)/Clear-BBG-75, 09,161.81,0.0,1043.77,18.12,0.0,116.9,135.02
lowE(2)/Clear-BBG-75, 10,63.49,5.63,360.87,7.11,6.25,40.42,53.78
lowE(2)/Clear-BBG-75, 11,41.75,18.74,144.37,4.68,20.81,16.17,41.65
lowE(2)/Clear-BBG-75, 12,53.44,49.94,32.1,5.99,55.43,3.6,65.01
lowE(2)/Clear-BBG0, 01,73.03,74.23,8.79,8.18,82.4,0.98,91.56
lowE(2)/Clear-BBG0, 02,58.24,53.47,39.71,6.52,59.35,4.45,70.32
lowE(2)/Clear-BBG0, 03,45.46,28.8,106.53,5.09,31.97,11.93,48.99
lowE(2)/Clear-BBG0, 04,56.69,5.6,316.91,6.35,6.21,35.49,48.06
lowE(2)/Clear-BBG0, 05,110.08,0.17,693.03,12.33,0.19,77.62,90.13
lowE(2)/Clear-BBG0, 06,184.36,0.0,1187.76,20.65,0.0,133.03,153.68
lowE(2)/Clear-BBG0, 07,222.13,0.0,1451.09,24.88,0.0,162.52,187.4
lowE(2)/Clear-BBG0, 08,215.46,0.0,1417.32,24.13,0.0,158.74,182.87
lowE(2)/Clear-BBG0, 09,171.95,0.0,1109.62,19.26,0.0,124.28,143.54
lowE(2)/Clear-BBG0, 10,70.47,6.91,396.52,7.89,7.67,44.41,59.97
lowE(2)/Clear-BBG0, 11,47.2,21.24,162.64,5.29,23.58,18.22,47.08
lowE(2)/Clear-BBG0, 12,59.74,55.25,39.09,6.69,61.33,4.38,72.4
lowE(2)/Clear-BBG15, 01,72.76,74.09,8.01,8.15,82.24,0.9,91.29
lowE(2)/Clear-BBG15, 02,57.72,53.28,37.75,6.46,59.14,4.23,69.83
lowE(2)/Clear-BBG15, 03,44.76,28.72,102.84,5.01,31.88,11.52,48.41
lowE(2)/Clear-BBG15, 04,55.66,5.57,310.74,6.23,6.19,34.8,47.22
lowE(2)/Clear-BBG15, 05,108.59,0.16,683.83,12.16,0.18,76.59,88.93
lowE(2)/Clear-BBG15, 06,182.53,0.0,1176.12,20.44,0.0,131.73,152.17
lowE(2)/Clear-BBG15, 07,220.1,0.0,1437.99,24.65,0.0,161.05,185.71
lowE(2)/Clear-BBG15, 08,213.56,0.0,1404.95,23.92,0.0,157.35,181.27
lowE(2)/Clear-BBG15, 09,170.16,0.0,1098.16,19.06,0.0,122.99,142.05
lowE(2)/Clear-BBG15, 10,69.1,6.84,388.59,7.74,7.59,43.52,58.85
lowE(2)/Clear-BBG15, 11,46.28,21.16,157.62,5.18,23.49,17.65,46.33
lowE(2)/Clear-BBG15, 12,59.24,55.11,36.97,6.64,61.18,4.14,71.95
lowE(2)/Clear-BBG30, 01,71.34,72.74,7.3,7.99,80.74,0.82,89.55
lowE(2)/Clear-BBG30, 02,56.4,52.28,35.62,6.32,58.03,3.99,68.33
lowE(2)/Clear-BBG30, 03,43.5,28.13,98.76,4.87,31.22,11.06,47.16
lowE(2)/Clear-BBG30, 04,54.25,5.4,303.21,6.08,5.99,33.96,46.02
lowE(2)/Clear-BBG30, 05,106.6,0.14,671.5,11.94,0.15,75.21,87.3
lowE(2)/Clear-BBG30, 06,179.86,0.0,1159.01,20.14,0.0,129.81,149.95
lowE(2)/Clear-BBG30, 07,216.97,0.0,1417.66,24.3,0.0,158.78,183.08
lowE(2)/Clear-BBG30, 08,210.6,0.0,1385.51,23.59,0.0,155.18,178.76
lowE(2)/Clear-BBG30, 09,167.62,0.0,1081.68,18.77,0.0,121.15,139.92
lowE(2)/Clear-BBG30, 10,67.31,6.57,379.13,7.54,7.29,42.46,57.29
lowE(2)/Clear-BBG30, 11,44.95,20.65,152.61,5.03,22.92,17.09,45.05
lowE(2)/Clear-BBG30, 12,57.87,54.0,35.17,6.48,59.94,3.94,70.36
lowE(2)/Clear-BBG45, 01,69.67,71.14,6.56,7.8,78.97,0.73,87.5
lowE(2)/Clear-BBG45, 02,54.91,51.11,33.43,6.15,56.74,3.74,66.63
lowE(2)/Clear-BBG45, 03,42.06,27.43,94.2,4.71,30.44,10.55,45.71
lowE(2)/Clear-BBG45, 04,52.62,5.19,294.44,5.89,5.76,32.98,44.63
lowE(2)/Clear-BBG45, 05,104.27,0.12,656.99,11.68,0.13,73.58,85.39
lowE(2)/Clear-BBG45, 06,176.69,0.0,1138.66,19.79,0.0,127.53,147.32
lowE(2)/Clear-BBG45, 07,213.26,0.0,1393.45,23.88,0.0,156.07,179.95
lowE(2)/Clear-BBG45, 08,207.15,0.0,1362.75,23.2,0.0,152.63,175.83
lowE(2)/Clear-BBG45, 09,164.73,0.0,1062.91,18.45,0.0,119.05,137.5
lowE(2)/Clear-BBG45, 10,65.3,6.25,368.61,7.31,6.93,41.28,55.53
lowE(2)/Clear-BBG45, 11,43.52,20.04,147.56,4.87,22.24,16.53,43.64
lowE(2)/Clear-BBG45, 12,56.29,52.67,33.41,6.3,58.47,3.74,68.52
lowE(2)/Clear-BBG60, 01,68.09,69.63,5.83,7.63,77.29,0.65,85.57
lowE(2)/Clear-BBG60, 02,53.49,50.04,31.21,5.99,55.54,3.5,65.03
lowE(2)/Clear-BBG60, 03,40.62,26.77,89.43,4.55,29.72,10.02,44.28
lowE(2)/Clear-BBG60, 04,50.89,4.99,284.99,5.7,5.54,31.92,43.16
lowE(2)/Clear-BBG60, 05,101.76,0.1,641.3,11.4,0.11,71.83,83.33
lowE(2)/Clear-BBG60, 06,173.32,0.0,1116.97,19.41,0.0,125.1,144.51
lowE(2)/Clear-BBG60, 07,209.34,0.0,1367.83,23.45,0.0,153.2,176.64
lowE(2)/Clear-BBG60, 08,203.51,0.0,1338.74,22.79,0.0,149.94,172.73
lowE(2)/Clear-BBG60, 09,161.72,0.0,1043.36,18.11,0.0,116.86,134.97
lowE(2)/Clear-BBG60, 10,63.23,5.94,357.57,7.08,6.59,40.05,53.72
lowE(2)/Clear-BBG60, 11,42.11,19.45,142.47,4.72,21.59,15.96,42.27
lowE(2)/Clear-BBG60, 12,54.79,51.41,31.69,6.14,57.07,3.55,66.76
lowE(2)/Clear-BBG75, 01,66.87,68.5,5.11,7.49,76.04,0.57,84.1
lowE(2)/Clear-BBG75, 02,52.35,49.23,29.05,5.86,54.65,3.25,63.76
lowE(2)/Clear-BBG75, 03,39.34,26.29,84.57,4.41,29.18,9.47,43.06
lowE(2)/Clear-BBG75, 04,49.17,4.85,275.27,5.51,5.38,30.83,41.72
lowE(2)/Clear-BBG75, 05,99.22,0.08,625.44,11.11,0.09,70.05,81.25
lowE(2)/Clear-BBG75, 06,170.01,0.0,1095.63,19.04,0.0,122.71,141.75
lowE(2)/Clear-BBG75, 07,205.53,0.0,1342.92,23.02,0.0,150.41,173.43
lowE(2)/Clear-BBG75, 08,199.99,0.0,1315.45,22.4,0.0,147.33,169.73
lowE(2)/Clear-BBG75, 09,158.78,0.0,1024.23,17.78,0.0,114.71,132.5
lowE(2)/Clear-BBG75, 10,61.25,5.7,346.72,6.86,6.33,38.83,52.02
lowE(2)/Clear-BBG75, 11,40.87,19.0,137.61,4.58,21.09,15.41,41.08
lowE(2)/Clear-BBG75, 12,53.58,50.45,30.01,6.0,56.0,3.36,65.37
lowE(2)/Clear-HTcellular, 01,62.85,63.45,9.94,7.04,70.43,1.11,78.58
lowE(2)/Clear-HTcellular, 02,51.36,45.9,42.02,5.75,50.95,4.71,61.41
lowE(2)/Clear-HTcellular, 03,41.58,23.91,111.17,4.66,26.54,12.45,43.65
lowE(2)/Clear-HTcellular, 04,55.35,4.18,316.64,6.2,4.64,35.46,46.3
lowE(2)/Clear-HTcellular, 05,107.83,0.05,678.87,12.08,0.06,76.03,88.17
lowE(2)/Clear-HTcellular, 06,178.58,0.0,1150.28,20.0,0.0,128.83,148.83
lowE(2)/Clear-HTcellular, 07,214.0,0.0,1397.93,23.97,0.0,156.57,180.54
lowE(2)/Clear-HTcellular, 08,207.64,0.0,1365.49,23.26,0.0,152.94,176.19
lowE(2)/Clear-HTcellular, 09,167.27,0.0,1078.58,18.73,0.0,120.8,139.54
lowE(2)/Clear-HTcellular, 10,69.04,5.13,397.36,7.73,5.69,44.5,57.93
lowE(2)/Clear-HTcellular, 11,44.52,17.29,169.05,4.99,19.2,18.93,43.11
lowE(2)/Clear-HTcellular, 12,51.85,46.77,40.73,5.81,51.91,4.56,62.28
lowE(2)/Clear-LTcellular, 01,61.87,63.09,6.35,6.93,70.03,0.71,77.67
lowE(2)/Clear-LTcellular, 02,49.32,45.52,32.23,5.52,50.53,3.61,59.66
lowE(2)/Clear-LTcellular, 03,38.06,23.85,90.77,4.26,26.48,10.17,40.9
lowE(2)/Clear-LTcellular, 04,49.79,4.16,282.82,5.58,4.62,31.68,41.87
lowE(2)/Clear-LTcellular, 05,99.9,0.04,629.5,11.19,0.05,70.5,81.74
lowE(2)/Clear-LTcellular, 06,169.11,0.0,1089.6,18.94,0.0,122.03,140.97
lowE(2)/Clear-LTcellular, 07,203.64,0.0,1330.41,22.81,0.0,149.01,171.81
lowE(2)/Clear-LTcellular, 08,197.98,0.0,1301.95,22.17,0.0,145.82,167.99
lowE(2)/Clear-LTcellular, 09,158.26,0.0,1020.45,17.73,0.0,114.29,132.02
lowE(2)/Clear-LTcellular, 10,61.92,4.89,355.17,6.93,5.43,39.78,52.15
lowE(2)/Clear-LTcellular, 11,40.34,17.06,145.52,4.52,18.94,16.3,39.76
lowE(2)/Clear-LTcellular, 12,49.97,46.23,32.7,5.6,51.31,3.66,60.57
lowE(2)/Clear-VB-15, 01,62.47,62.71,11.88,7.0,69.61,1.33,77.93
lowE(2)/Clear-VB-15, 02,51.8,45.49,46.95,5.8,50.49,5.26,61.55
lowE(2)/Clear-VB-15, 03,42.78,23.58,120.06,4.79,26.18,13.45,44.42
lowE(2)/Clear-VB-15, 04,57.83,4.09,332.2,6.48,4.54,37.21,48.22
lowE(2)/Clear-VB-15, 05,111.49,0.05,701.56,12.49,0.06,78.57,91.12
lowE(2)/Clear-VB-15, 06,182.7,0.0,1176.54,20.46,0.0,131.77,152.24
lowE(2)/Clear-VB-15, 07,218.41,0.0,1426.48,24.46,0.0,159.77,184.23
lowE(2)/Clear-VB-15, 08,211.6,0.0,1391.28,23.7,0.0,155.82,179.52
lowE(2)/Clear-VB-15, 09,170.94,0.0,1102.15,19.15,0.0,123.44,142.59
lowE(2)/Clear-VB-15, 10,71.85,5.12,414.68,8.05,5.68,46.44,60.17
lowE(2)/Clear-VB-15, 11,46.24,17.08,180.56,5.18,18.96,20.22,44.36
lowE(2)/Clear-VB-15, 12,52.13,46.27,45.22,5.84,51.36,5.06,62.27
lowE(2)/Clear-VB-30, 01,62.43,62.61,12.2,6.99,69.49,1.37,77.85
lowE(2)/Clear-VB-30, 02,51.81,45.42,47.36,5.8,50.42,5.3,61.53
lowE(2)/Clear-VB-30, 03,42.77,23.59,119.98,4.79,26.19,13.44,44.42
lowE(2)/Clear-VB-30, 04,57.66,4.09,331.1,6.46,4.55,37.08,48.09
lowE(2)/Clear-VB-30, 05,111.19,0.05,699.7,12.45,0.06,78.37,90.88
lowE(2)/Clear-VB-30, 06,182.42,0.0,1174.77,20.43,0.0,131.57,152.01
lowE(2)/Clear-VB-30, 07,218.09,0.0,1424.42,24.43,0.0,159.53,183.96
lowE(2)/Clear-VB-30, 08,211.35,0.0,1389.67,23.67,0.0,155.64,179.32
lowE(2)/Clear-VB-30, 09,170.79,0.0,1101.19,19.13,0.0,123.33,142.46
lowE(2)/Clear-VB-30, 10,72.08,5.12,416.05,8.07,5.68,46.6,60.35
lowE(2)/Clear-VB-30, 11,46.41,17.07,181.6,5.2,18.95,20.34,44.49
lowE(2)/Clear-VB-30, 12,52.14,46.22,45.56,5.84,51.31,5.1,62.25
lowE(2)/Clear-VB-45, 01,62.68,62.99,11.49,7.02,69.92,1.29,78.22
lowE(2)/Clear-VB-45, 02,51.73,45.59,45.93,5.79,50.61,5.14,61.55
lowE(2)/Clear-VB-45, 03,42.46,23.74,117.27,4.76,26.35,13.13,44.24
lowE(2)/Clear-VB-45, 04,56.71,4.14,325.09,6.35,4.6,36.41,47.36
lowE(2)/Clear-VB-45, 05,109.77,0.05,690.94,12.29,0.06,77.39,89.74
lowE(2)/Clear-VB-45, 06,180.93,0.0,1165.26,20.26,0.0,130.51,150.77
lowE(2)/Clear-VB-45, 07,216.54,0.0,1414.33,24.25,0.0,158.41,182.66
lowE(2)/Clear-VB-45, 08,209.96,0.0,1380.62,23.52,0.0,154.63,178.15
lowE(2)/Clear-VB-45, 09,169.64,0.0,1093.86,19.0,0.0,122.51,141.51
lowE(2)/Clear-VB-45, 10,71.39,5.14,411.74,8.0,5.7,46.11,59.81
lowE(2)/Clear-VB-45, 11,45.88,17.18,177.82,5.14,19.07,19.92,44.12
lowE(2)/Clear-VB-45, 12,52.1,46.51,43.68,5.84,51.63,4.89,62.35
lowE(2)/Clear-VB-60, 01,63.22,63.9,9.61,7.08,70.93,1.08,79.09
lowE(2)/Clear-VB-60, 02,51.5,46.14,41.54,5.77,51.21,4.65,61.63
lowE(2)/Clear-VB-60, 03,41.64,24.06,110.67,4.66,26.71,12.4,43.77
lowE(2)/Clear-VB-60, 04,54.98,4.23,314.14,6.16,4.7,35.18,46.04
lowE(2)/Clear-VB-60, 05,107.17,0.06,674.83,12.0,0.06,75.58,87.64
lowE(2)/Clear-VB-60, 06,178.12,0.0,1147.35,19.95,0.0,128.5,148.45
lowE(2)/Clear-VB-60, 07,213.64,0.0,1395.53,23.93,0.0,156.3,180.23
lowE(2)/Clear-VB-60, 08,207.42,0.0,1364.0,23.23,0.0,152.77,176.0
lowE(2)/Clear-VB-60, 09,167.32,0.0,1078.99,18.74,0.0,120.85,139.59
lowE(2)/Clear-VB-60, 10,69.02,5.18,397.12,7.73,5.75,44.48,57.96
lowE(2)/Clear-VB-60, 11,44.34,17.43,167.29,4.97,19.34,18.74,43.05
lowE(2)/Clear-VB-60, 12,52.02,47.11,39.77,5.83,52.29,4.45,62.58
lowE(2)/Clear-VB-75, 01,64.01,65.11,7.46,7.17,72.27,0.84,80.28
lowE(2)/Clear-VB-75, 02,51.28,46.94,35.73,5.74,52.1,4.0,61.84
lowE(2)/Clear-VB-75, 03,40.19,24.6,99.2,4.5,27.3,11.11,42.91
lowE(2)/Clear-VB-75, 04,52.5,4.36,298.36,5.88,4.83,33.42,44.13
lowE(2)/Clear-VB-75, 05,103.76,0.06,653.64,11.62,0.06,73.21,84.89
lowE(2)/Clear-VB-75, 06,174.43,0.0,1123.75,19.54,0.0,125.86,145.4
lowE(2)/Clear-VB-75, 07,209.82,0.0,1370.71,23.5,0.0,153.52,177.02
lowE(2)/Clear-VB-75, 08,204.0,0.0,1341.61,22.85,0.0,150.26,173.11
lowE(2)/Clear-VB-75, 09,163.69,0.0,1055.63,18.33,0.0,118.23,136.56
lowE(2)/Clear-VB-75, 10,65.37,5.24,374.55,7.32,5.81,41.95,55.08
lowE(2)/Clear-VB-75, 11,42.38,17.75,153.82,4.75,19.71,17.23,41.68
lowE(2)/Clear-VB-75, 12,52.01,47.91,35.25,5.83,53.17,3.95,62.95
lowE(2)/Clear-VB0, 01,62.66,63.04,11.13,7.02,69.98,1.25,78.24
lowE(2)/Clear-VB0, 02,51.74,45.67,45.58,5.8,50.7,5.1,61.6
lowE(2)/Clear-VB0, 03,42.53,23.69,118.03,4.76,26.3,13.22,44.28
lowE(2)/Clear-VB0, 04,57.42,4.12,329.59,6.43,4.57,36.91,47.92
lowE(2)/Clear-VB0, 05,110.96,0.05,698.31,12.43,0.06,78.21,90.7
lowE(2)/Clear-VB0, 06,182.12,0.0,1172.88,20.4,0.0,131.36,151.76
lowE(2)/Clear-VB0, 07,217.83,0.0,1422.75,24.4,0.0,159.35,183.74
lowE(2)/Clear-VB0, 08,211.03,0.0,1387.57,23.63,0.0,155.41,179.04
lowE(2)/Clear-VB0, 09,170.3,0.0,1098.01,19.07,0.0,122.98,142.05
lowE(2)/Clear-VB0, 10,71.11,5.13,410.11,7.96,5.69,45.93,59.59
lowE(2)/Clear-VB0, 11,45.71,17.16,176.96,5.12,19.05,19.82,43.99
lowE(2)/Clear-VB0, 12,52.1,46.49,43.79,5.83,51.6,4.9,62.34
lowE(2)/Clear-VB15, 01,62.95,63.49,10.31,7.05,70.48,1.16,78.68
lowE(2)/Clear-VB15, 02,51.64,45.93,43.52,5.78,50.98,4.87,61.64
lowE(2)/Clear-VB15, 03,42.09,23.87,114.43,4.71,26.5,12.82,44.03
lowE(2)/Clear-VB15, 04,56.56,4.17,324.06,6.33,4.62,36.29,47.25
lowE(2)/Clear-VB15, 05,109.79,0.05,691.08,12.3,0.06,77.4,89.76
lowE(2)/Clear-VB15, 06,180.86,0.0,1164.86,20.26,0.0,130.46,150.72
lowE(2)/Clear-VB15, 07,216.51,0.0,1414.24,24.25,0.0,158.4,182.64
lowE(2)/Clear-VB15, 08,209.82,0.0,1379.74,23.5,0.0,154.53,178.03
lowE(2)/Clear-VB15, 09,169.04,0.0,1089.99,18.93,0.0,122.08,141.01
lowE(2)/Clear-VB15, 10,69.99,5.15,403.14,7.84,5.72,45.15,58.71
lowE(2)/Clear-VB15, 11,45.02,17.29,172.15,5.04,19.19,19.28,43.51
lowE(2)/Clear-VB15, 12,52.07,46.79,41.89,5.83,51.94,4.69,62.46
lowE(2)/Clear-VB30, 01,63.28,63.99,9.46,7.09,71.03,1.06,79.17
lowE(2)/Clear-VB30, 02,51.51,46.24,41.05,5.77,51.32,4.6,61.69
lowE(2)/Clear-VB30, 03,41.53,24.1,109.85,4.65,26.75,12.3,43.7
lowE(2)/Clear-VB30, 04,55.41,4.22,316.8,6.21,4.69,35.48,46.38
lowE(2)/Clear-VB30, 05,108.21,0.05,681.34,12.12,0.06,76.31,88.49
lowE(2)/Clear-VB30, 06,179.18,0.0,1154.2,20.07,0.0,129.27,149.34
lowE(2)/Clear-VB30, 07,214.77,0.0,1402.97,24.05,0.0,157.13,181.19
lowE(2)/Clear-VB30, 08,208.23,0.0,1369.37,23.32,0.0,153.37,176.69
lowE(2)/Clear-VB30, 09,167.43,0.0,1079.63,18.75,0.0,120.92,139.67
lowE(2)/Clear-VB30, 10,68.58,5.18,394.44,7.68,5.75,44.18,57.61
lowE(2)/Clear-VB30, 11,44.21,17.44,166.5,4.95,19.36,18.65,42.96
lowE(2)/Clear-VB30, 12,52.06,47.14,39.87,5.83,52.32,4.47,62.62
lowE(2)/Clear-VB45, 01,63.65,64.54,8.5,7.13,71.64,0.95,79.72
lowE(2)/Clear-VB45, 02,51.37,46.58,38.28,5.75,51.71,4.29,61.75
lowE(2)/Clear-VB45, 03,40.84,24.36,104.35,4.57,27.04,11.69,43.3
lowE(2)/Clear-VB45, 04,54.01,4.29,307.91,6.05,4.76,34.49,45.3
lowE(2)/Clear-VB45, 05,106.27,0.06,669.28,11.9,0.06,74.96,86.92
lowE(2)/Clear-VB45, 06,177.1,0.0,1140.88,19.83,0.0,127.78,147.61
lowE(2)/Clear-VB45, 07,212.59,0.0,1388.78,23.81,0.0,155.54,179.35
lowE(2)/Clear-VB45, 08,206.27,0.0,1356.54,23.1,0.0,151.93,175.03
lowE(2)/Clear-VB45, 09,165.47,0.0,1067.09,18.53,0.0,119.51,138.05
lowE(2)/Clear-VB45, 10,66.93,5.21,384.21,7.5,5.78,43.03,56.31
lowE(2)/Clear-VB45, 11,43.3,17.6,160.12,4.85,19.54,17.93,42.32
lowE(2)/Clear-VB45, 12,52.04,47.51,37.64,5.83,52.74,4.22,62.78
lowE(2)/Clear-VB60, 01,64.02,65.12,7.45,7.17,72.28,0.83,80.28
lowE(2)/Clear-VB60, 02,51.26,46.96,35.47,5.74,52.13,3.97,61.84
lowE(2)/Clear-VB60, 03,40.09,24.64,98.37,4.49,27.35,11.02,42.85
lowE(2)/Clear-VB60, 04,52.47,4.36,298.13,5.88,4.84,33.39,44.11
lowE(2)/Clear-VB60, 05,104.09,0.06,655.76,11.66,0.06,73.44,85.17
lowE(2)/Clear-VB60, 06,174.75,0.0,1125.88,19.57,0.0,126.1,145.67
lowE(2)/Clear-VB60, 07,210.14,0.0,1372.83,23.54,0.0,153.76,177.29
lowE(2)/Clear-VB60, 08,204.07,0.0,1342.12,22.86,0.0,150.32,173.17
lowE(2)/Clear-VB60, 09,163.32,0.0,1053.25,18.29,0.0,117.96,136.26
lowE(2)/Clear-VB60, 10,65.1,5.24,372.86,7.29,5.82,41.76,54.87
lowE(2)/Clear-VB60, 11,42.33,17.77,153.43,4.74,19.72,17.18,41.65
lowE(2)/Clear-VB60, 12,52.03,47.9,35.33,5.83,53.17,3.96,62.96
lowE(2)/Clear-VB75, 01,64.46,65.75,6.47,7.22,72.98,0.72,80.93
lowE(2)/Clear-VB75, 02,51.21,47.38,32.81,5.74,52.59,3.67,62.0
lowE(2)/Clear-VB75, 03,39.4,24.94,92.55,4.41,27.69,10.37,42.46
lowE(2)/Clear-VB75, 04,50.94,4.44,288.38,5.71,4.93,32.3,42.93
lowE(2)/Clear-VB75, 05,101.9,0.06,642.15,11.41,0.06,71.92,83.4
lowE(2)/Clear-VB75, 06,172.43,0.0,1111.03,19.31,0.0,124.44,143.75
lowE(2)/Clear-VB75, 07,207.71,0.0,1357.03,23.26,0.0,151.99,175.25
lowE(2)/Clear-VB75, 08,201.91,0.0,1327.87,22.61,0.0,148.72,171.34
lowE(2)/Clear-VB75, 09,161.22,0.0,1039.68,18.06,0.0,116.44,134.5
lowE(2)/Clear-VB75, 10,63.38,5.29,362.1,7.1,5.87,40.56,53.52
lowE(2)/Clear-VB75, 11,41.44,17.96,147.06,4.64,19.93,16.47,41.04
lowE(2)/Clear-VB75, 12,52.08,48.34,33.16,5.83,53.65,3.71,63.2
