Scenario,Illuminance(lux),FanEnergy(kBtu),HeatingEnergy(kBtu),CoolingEnergy(kBtu),FanCost($),HeatingCost($),CoolingCost($),AnnualEnergy(kBtu),AnnualCost($),DeltaEnergyFromBase,DeltaCostFromBase
Clear/Clear,19590610.39,2707.08,108952.04,10670.85,104.25,904.3,410.93,122329.97,1419.48,4171.954110660066,86.30391099309827
Clear/Clear-BBG-15,9240018.13,2596.47,118584.93,8048.82,99.99,984.25,309.96,129230.22,1394.2,11072.204110660066,61.0239109930983
Clear/Clear-BBG-30,13336348.07,2567.51,115619.31,8217.09,98.87,959.64,316.44,126403.91,1374.95,8245.894110660069,41.7739109930983
Clear/Clear-BBG-45,14035322.41,2525.38,114521.89,7959.01,97.25,950.53,306.5,125006.28,1354.28,6848.264110660064,21.103910993098225
Clear/Clear-BBG-60,8724318.09,2457.29,115052.26,7181.01,94.63,954.93,276.54,124690.56,1326.1,6532.544110660063,-7.076089006901839
Clear/Clear-BBG-75,2298382.5,2354.53,116550.47,5882.1,90.67,967.37,226.52,124787.1,1284.56,6629.084110660071,-48.6160890069018
Clear/Clear-BBG0,5599657.94,2601.45,121604.58,7625.9,100.18,1009.32,293.67,131831.93,1403.17,13673.914110660058,69.99391099309832
Clear/Clear-BBG15,3483503.9,2576.45,122773.01,7185.58,99.22,1019.02,276.71,132535.04,1394.95,14377.024110660073,61.7739109930983
Clear/Clear-BBG30,1963380.49,2521.66,122151.4,6720.13,97.11,1013.86,258.79,131393.19,1369.75,13235.174110660068,36.57391099309825
Clear/Clear-BBG45,1154446.63,2451.94,120879.75,6201.36,94.42,1003.3,238.81,129533.05,1336.54,11375.034110660068,3.363910993098216
Clear/Clear-BBG60,636149.73,2378.43,119543.97,5650.75,91.59,992.21,217.61,127573.15,1301.41,9415.13411066006,-31.766089006901666
Clear/Clear-BBG75,273108.94,2310.58,118567.43,5098.56,88.98,984.11,196.34,125976.57,1269.43,7818.554110660072,-63.746089006901684
Clear/Clear-HTcellular,7717603.26,2448.24,107107.91,8335.48,94.28,889.0,321.0,117891.63,1304.27,-266.38588933993015,-28.906089006901766
Clear/Clear-LTcellular,3308570.67,2205.89,105227.43,6144.69,84.95,873.39,236.63,113578.01,1194.96,-4580.00588933994,-138.2160890069017
Clear/Clear-VB-15,9873348.02,2525.79,105536.06,9368.17,97.27,875.95,360.76,117430.03,1333.98,-727.985889339936,0.8039109930982704
Clear/Clear-VB-30,14117143.21,2523.43,105458.42,9354.86,97.18,875.3,360.25,117336.71,1332.73,-821.3058893399284,-0.4460890069017296
Clear/Clear-VB-45,15096540.3,2507.27,106669.44,9002.98,96.55,885.36,346.7,118179.69,1328.61,21.674110660067527,-4.566089006901848
Clear/Clear-VB-60,9970970.07,2470.09,108968.02,8267.97,95.12,904.43,318.4,119706.07,1317.95,1548.0541106600722,-15.226089006901702
Clear/Clear-VB-75,3173481.03,2411.43,112012.36,7189.4,92.86,929.7,276.86,121613.19,1299.43,3455.1741106600675,-33.746089006901684
Clear/Clear-VB0,6158939.53,2518.59,106490.69,9148.73,96.99,883.87,352.31,118158.02,1333.18,0.0041106600692728534,0.003910993098315885
Clear/Clear-VB15,4054105.22,2500.36,107735.3,8770.77,96.29,894.2,337.76,119006.42,1328.25,848.4041106600635,-4.926089006901748
Clear/Clear-VB30,2403246.56,2475.05,109081.06,8302.89,95.31,905.37,319.74,119859.01,1320.43,1700.99411066006,-12.746089006901684
Clear/Clear-VB45,1463920.76,2441.86,110480.11,7743.88,94.03,916.98,298.21,120665.85,1309.23,2507.834110660071,-23.94608900690173
Clear/Clear-VB60,818574.24,2404.59,111954.87,7128.38,92.6,929.23,274.51,121487.84,1296.34,3329.8241106600617,-36.83608900690183
Clear/Clear-VB75,360242.52,2372.55,113639.73,6530.21,91.37,943.21,251.48,122542.5,1286.05,4384.484110660065,-47.12608900690179
Clear/lowE(3),16656019.18,2373.06,103814.83,8086.32,91.39,861.66,311.4,114274.21,1264.45,-3883.8058893399284,-68.7260890069017
Clear/lowE(3)-BBG-15,7836058.02,2473.91,118478.35,6807.57,95.27,983.37,262.16,127759.83,1340.8,9601.814110660067,7.623910993098207
Clear/lowE(3)-BBG-30,11271430.16,2432.26,114660.51,6983.06,93.67,951.68,268.91,124075.83,1314.26,5917.814110660067,-18.916089006901757
Clear/lowE(3)-BBG-45,11782137.92,2380.78,112316.5,6824.38,91.68,932.23,262.8,121521.66,1286.71,3363.6441106600687,-46.46608900690171
Clear/lowE(3)-BBG-60,7251391.11,2317.31,111658.36,6274.87,89.24,926.76,241.64,120250.54,1257.65,2092.524110660059,-75.52608900690166
Clear/lowE(3)-BBG-75,1884198.84,2234.5,112438.59,5290.15,86.05,933.24,203.72,119963.24,1223.01,1805.2241106600704,-110.16608900690176
Clear/lowE(3)-BBG0,4725232.22,2487.81,121260.12,6509.58,95.8,1006.46,250.68,130257.51,1352.94,12099.49411066006,19.763910993098307
Clear/lowE(3)-BBG15,2898636.46,2464.92,121274.41,6271.06,94.92,1006.58,241.5,130010.39,1343.0,11852.374110660065,9.823910993098252
Clear/lowE(3)-BBG30,1597096.67,2406.91,119241.0,5994.67,92.69,989.7,230.85,127642.57,1313.24,9484.554110660072,-19.93608900690174
Clear/lowE(3)-BBG45,927891.45,2335.16,116964.36,5613.24,89.93,970.8,216.16,124912.76,1276.89,6754.74411066006,-56.28608900690165
Clear/lowE(3)-BBG60,7251391.11,2317.31,111658.36,6274.87,89.24,926.76,241.64,120250.54,1257.65,2092.524110660059,-75.52608900690166
Clear/lowE(3)-BBG75,216967.57,2200.46,113967.68,4685.76,84.74,945.93,180.45,120853.9,1211.12,2695.8841106600594,-122.05608900690186
Clear/lowE(3)-HTcellular,6385647.87,2261.68,104095.29,6899.84,87.1,863.99,265.71,113256.82,1216.8,-4901.195889339928,-116.3760890069018
Clear/lowE(3)-LTcellular,2672963.68,2121.57,103453.52,5552.77,81.7,858.66,213.83,111127.86,1154.2,-7030.155889339934,-178.9760890069017
Clear/lowE(3)-VB-15,8399277.54,2293.61,103067.57,7389.93,88.33,855.46,284.58,112751.11,1228.37,-5406.905889339934,-104.80608900690186
Clear/lowE(3)-VB-30,11978524.39,2291.79,103049.89,7373.89,88.26,855.31,283.97,112715.58,1227.54,-5442.435889339933,-105.63608900690178
Clear/lowE(3)-VB-45,12734825.52,2285.16,103645.55,7212.07,88.0,860.26,277.73,113142.78,1225.99,-5015.235889339936,-107.18608900690174
Clear/lowE(3)-VB-60,8292512.13,2270.78,104767.23,6887.82,87.45,869.57,265.25,113925.84,1222.26,-4232.175889339938,-110.91608900690176
Clear/lowE(3)-VB-75,2499014.6,2249.23,106212.56,6436.42,86.62,881.56,247.86,114898.21,1216.04,-3259.8058893399284,-117.13608900690178
Clear/lowE(3)-VB0,5205741.19,2291.65,103505.29,7301.25,88.25,859.09,281.17,113098.19,1228.51,-5059.8258893399325,-104.66608900690176
Clear/lowE(3)-VB15,3367227.21,2284.68,104103.59,7135.69,87.98,864.06,274.79,113523.96,1226.83,-4634.055889339928,-106.34608900690182
Clear/lowE(3)-VB30,1944653.58,2274.44,104770.96,6925.21,87.59,869.6,266.69,113970.61,1223.87,-4187.405889339934,-109.30608900690186
Clear/lowE(3)-VB45,1156503.68,2260.89,105466.19,6675.51,87.07,875.37,257.07,114402.59,1219.51,-3755.4258893399383,-113.66608900690176
Clear/lowE(3)-VB60,631130.88,2245.74,106176.53,6406.13,86.48,881.27,246.7,114828.4,1214.44,-3329.6158893399406,-118.7360890069017
Clear/lowE(3)-VB75,270596.41,2233.8,106938.28,6161.02,86.02,887.59,237.26,115333.1,1210.87,-2824.915889339929,-122.30608900690186
Clear/lowE(3)-argon,16656019.18,2323.94,100050.44,8174.18,89.49,830.42,314.78,110548.56,1234.7,-7609.455889339937,-98.4760890069017
Clear/lowE(3)-argon-BBG-15,7836058.02,2395.13,113111.15,6846.78,92.24,938.82,263.67,122353.06,1294.72,4195.044110660063,-38.45608900690172
Clear/lowE(3)-argon-BBG-30,11271430.16,2356.14,109576.89,7004.17,90.73,909.49,269.73,118937.19,1269.95,779.1741106600675,-63.2260890069017
Clear/lowE(3)-argon-BBG-45,11782137.92,2308.26,107688.59,6810.19,88.89,893.82,262.26,116807.03,1244.96,-1350.985889339936,-88.21608900690171
Clear/lowE(3)-argon-BBG-60,7251391.11,2249.07,107584.13,6217.23,86.61,892.95,239.42,116050.43,1218.98,-2107.585889339942,-114.19608900690173
Clear/lowE(3)-argon-BBG-75,1884198.84,2170.12,108892.65,5187.8,83.57,903.81,199.78,116250.58,1187.16,-1907.435889339933,-146.01608900690167
Clear/lowE(3)-argon-BBG0,4725232.22,2407.64,115833.0,6544.47,92.72,961.41,252.02,124785.1,1306.16,6627.084110660071,-27.016089006901666
Clear/lowE(3)-argon-BBG15,2898636.46,2384.81,115964.91,6288.07,91.84,962.51,242.15,124637.79,1296.5,6479.774110660059,-36.67608900690175
Clear/lowE(3)-argon-BBG30,1597096.67,2328.45,114246.99,5978.5,89.67,948.25,230.23,122553.94,1268.15,4395.9241106600675,-65.02608900690166
Clear/lowE(3)-argon-BBG45,927891.45,2260.12,112418.44,5560.66,87.04,933.07,214.14,120239.22,1234.25,2081.2041106600664,-98.92608900690175
Clear/lowE(3)-argon-BBG60,508674.79,2192.79,111030.12,5080.45,84.44,921.55,195.65,118303.36,1201.64,145.34411066006578,-131.53608900690165
Clear/lowE(3)-argon-BBG75,216967.57,2136.0,110393.32,4586.8,82.26,916.26,176.64,117116.11,1175.16,-1041.9058893399342,-158.01608900690167
Clear/lowE(3)-argon-HTcellular,6385647.87,2232.2,101400.71,7022.24,85.96,841.63,270.42,110655.15,1198.01,-7502.865889339941,-135.16608900690176
Clear/lowE(3)-argon-LTcellular,2672963.68,2102.15,101572.67,5651.58,80.95,843.05,217.64,109326.41,1141.65,-8831.605889339931,-191.52608900690166
Clear/lowE(3)-argon-VB-15,8399277.54,2258.96,100173.1,7489.81,86.99,831.44,288.43,109921.87,1206.86,-8236.14588933994,-126.31608900690185
Clear/lowE(3)-argon-VB-30,11978524.39,2257.42,100166.4,7475.0,86.93,831.38,287.86,109898.83,1206.17,-8259.185889339933,-127.00608900690168
Clear/lowE(3)-argon-VB-45,12734825.52,2250.98,100774.43,7313.4,86.68,836.43,281.64,110338.8,1204.75,-7819.215889339932,-128.42608900690175
Clear/lowE(3)-argon-VB-60,8292512.13,2236.53,101898.21,6988.57,86.13,845.76,269.13,111123.31,1201.01,-7034.705889339937,-132.16608900690176
Clear/lowE(3)-argon-VB-75,2499014.6,2214.5,103310.8,6538.09,85.28,857.48,251.78,112063.39,1194.54,-6094.625889339935,-138.63608900690178
Clear/lowE(3)-argon-VB0,5205741.19,2256.73,100605.64,7399.4,86.91,835.03,284.95,110261.77,1206.88,-7896.245889339931,-126.29608900690164
Clear/lowE(3)-argon-VB15,3367227.21,2249.67,101207.75,7232.68,86.63,840.02,278.53,110690.1,1205.19,-7467.915889339929,-127.9860890069017
Clear/lowE(3)-argon-VB30,1944653.58,2239.41,101876.52,7022.07,86.24,845.58,270.42,111138.0,1202.23,-7020.015889339935,-130.94608900690173
Clear/lowE(3)-argon-VB45,1156503.68,2225.88,102573.22,6772.71,85.72,851.36,260.81,111571.82,1197.89,-6586.195889339928,-135.28608900690165
Clear/lowE(3)-argon-VB60,631130.88,2210.92,103283.96,6505.44,85.14,857.26,250.52,112000.32,1192.92,-6157.695889339928,-140.25608900690168
Clear/lowE(3)-argon-VB75,270596.41,2198.86,104018.68,6263.81,84.68,863.36,241.22,112481.35,1189.25,-5676.665889339929,-143.92608900690175
lowE(2)/Clear,16656019.18,2320.71,106397.37,7143.59,89.37,883.1,275.1,115861.67,1247.56,-2296.3458893399365,-85.6160890069018
lowE(2)/Clear-BBG-15,7905577.06,2442.83,121678.63,5975.67,94.07,1009.93,230.12,130097.13,1334.13,11939.11411066007,0.9539109930983614
lowE(2)/Clear-BBG-30,11373469.39,2396.36,118211.51,6047.6,92.28,981.16,232.89,126655.47,1306.33,8497.454110660066,-26.84608900690182
lowE(2)/Clear-BBG-45,11907533.9,2344.01,115527.2,5933.51,90.27,958.88,228.5,123804.73,1277.64,5646.714110660061,-55.53608900690165
lowE(2)/Clear-BBG-60,7337239.95,2286.99,113939.51,5595.63,88.07,945.7,215.49,121822.14,1249.25,3664.1241106600646,-83.92608900690175
lowE(2)/Clear-BBG-75,1880570.05,2222.88,113382.68,5015.94,85.6,941.08,193.16,120621.51,1219.84,2463.49411066006,-113.33608900690183
lowE(2)/Clear-BBG0,4772683.65,2460.54,123989.17,5790.17,94.75,1029.11,222.98,132239.89,1346.84,14081.87411066008,13.66391099309817
lowE(2)/Clear-BBG15,2928936.17,2439.43,123828.46,5596.7,93.94,1027.78,215.53,131864.59,1337.24,13706.574110660062,4.063910993098261
lowE(2)/Clear-BBG30,1613209.33,2384.95,121574.24,5391.22,91.84,1009.07,207.61,129350.41,1308.52,11192.394110660069,-24.656089006901766
lowE(2)/Clear-BBG45,927070.37,2320.23,118828.01,5157.06,89.35,986.27,198.6,126305.3,1274.22,8147.284110660068,-58.95608900690172
lowE(2)/Clear-BBG60,500322.38,2257.21,116316.88,4901.87,86.92,965.43,188.77,123475.96,1241.12,5317.944110660072,-92.05608900690186
lowE(2)/Clear-BBG75,213631.47,2204.52,114541.65,4635.24,84.9,950.7,178.5,121381.42,1214.09,3223.4041106600635,-119.08608900690183
lowE(2)/Clear-HTcellular,6476136.18,2217.1,106759.05,6015.25,85.38,886.1,231.64,114991.4,1203.12,-3166.6158893399406,-130.05608900690186
lowE(2)/Clear-LTcellular,2741559.43,2093.2,105524.65,4923.48,80.61,875.85,189.6,112541.33,1146.06,-5616.685889339933,-187.1160890069018
lowE(2)/Clear-VB-15,8427051.84,2245.31,105513.34,6505.66,86.47,875.76,250.53,114264.31,1212.76,-3893.705889339937,-120.41608900690176
lowE(2)/Clear-VB-30,12003307.76,2243.52,105467.37,6494.4,86.4,875.38,250.1,114205.28,1211.87,-3952.735889339936,-121.30608900690186
lowE(2)/Clear-VB-45,12770829.5,2237.85,106149.59,6327.71,86.18,881.04,243.68,114715.16,1210.9,-3442.8558893399313,-122.27608900690166
lowE(2)/Clear-VB-60,8369136.04,2224.81,107471.1,5982.77,85.68,892.01,230.39,115678.68,1208.08,-2479.335889339942,-125.09608900690182
lowE(2)/Clear-VB-75,2614454.84,2202.67,109212.49,5474.54,84.82,906.46,210.82,116889.69,1202.11,-1268.3258893399325,-131.06608900690185
lowE(2)/Clear-VB0,5244839.74,2243.8,106032.96,6407.75,86.41,880.07,246.76,114684.51,1213.24,-3473.50588933994,-119.93608900690174
lowE(2)/Clear-VB15,3423077.88,2237.63,106733.95,6232.91,86.17,885.89,240.03,115204.49,1212.09,-2953.5258893399296,-121.08608900690183
lowE(2)/Clear-VB30,2003243.57,2228.1,107507.56,6011.19,85.8,892.31,231.49,115746.84,1209.6,-2411.1758893399383,-123.57608900690184
lowE(2)/Clear-VB45,1207218.94,2214.85,108314.63,5744.93,85.29,899.01,221.23,116274.41,1205.54,-1883.6058893399313,-127.63608900690178
lowE(2)/Clear-VB60,669659.36,2199.65,109161.08,5451.27,84.71,906.04,209.93,116812.0,1200.67,-1346.0158893399348,-132.50608900690168
lowE(2)/Clear-VB75,293004.43,2186.84,110116.74,5163.93,84.21,913.97,198.86,117467.51,1197.04,-690.50588933994,-136.13608900690178
lowE(2)/Clear-argon,16656019.18,2269.52,102913.37,7167.33,87.4,854.18,276.01,112350.23,1217.59,-5807.785889339939,-115.58608900690183
lowE(2)/Clear-argon-BBG-15,7905577.06,2365.06,116347.72,6020.53,91.08,965.69,231.85,124733.3,1288.61,6575.284110660068,-44.56608900690185
lowE(2)/Clear-argon-BBG-30,11373469.39,2322.36,113082.5,6099.08,89.43,938.58,234.87,121503.94,1262.89,3345.9241106600675,-70.28608900690165
lowE(2)/Clear-argon-BBG-45,11907533.9,2275.08,110704.88,5988.52,87.61,918.85,230.62,118968.49,1237.08,810.4741106600704,-96.09608900690182
lowE(2)/Clear-argon-BBG-60,7337239.95,2223.84,109485.07,5651.89,85.64,908.73,217.65,117360.81,1212.02,-797.2058893399371,-121.15608900690177
lowE(2)/Clear-argon-BBG-75,1880570.05,2165.1,109285.99,5071.37,83.38,907.07,195.3,116522.46,1185.75,-1635.5558893399284,-147.42608900690175
lowE(2)/Clear-argon-BBG0,4772683.65,2381.11,118581.62,5830.49,91.7,984.23,224.53,126793.22,1300.45,8635.204110660066,-32.7260890069017
lowE(2)/Clear-argon-BBG15,2928936.17,2360.46,118448.2,5637.6,90.9,983.12,217.1,126446.25,1291.12,8288.234110660065,-42.05608900690186
lowE(2)/Clear-argon-BBG30,1613209.33,2309.06,116367.78,5436.36,88.92,965.85,209.35,124113.2,1264.13,5955.184110660062,-69.04608900690164
lowE(2)/Clear-argon-BBG45,927070.37,2249.46,113930.91,5205.87,86.63,945.63,200.48,121386.24,1232.73,3228.2241106600704,-100.44608900690173
lowE(2)/Clear-argon-BBG60,500322.38,2192.65,111819.6,4951.25,84.44,928.1,190.67,118963.5,1203.21,805.4841106600652,-129.9660890069017
lowE(2)/Clear-argon-BBG75,213631.47,2145.91,110444.49,4682.5,82.64,916.69,180.32,117272.9,1179.65,-885.1158893399406,-153.52608900690166
lowE(2)/Clear-argon-HTcellular,6476136.18,2180.23,104266.47,6030.47,83.96,865.41,232.23,112477.17,1181.6,-5680.845889339937,-151.57608900690184
lowE(2)/Clear-argon-LTcellular,2741559.43,2068.33,103832.05,4935.9,79.65,861.81,190.08,110836.28,1131.54,-7321.735889339936,-201.63608900690178
lowE(2)/Clear-argon-VB-15,8427051.84,2204.23,102759.81,6518.21,84.88,852.91,251.01,111482.25,1188.8,-6675.765889339935,-144.3760890069018
lowE(2)/Clear-argon-VB-30,12003307.76,2202.71,102725.48,6507.99,84.83,852.62,250.62,111436.17,1188.07,-6721.845889339937,-145.1060890069018
lowE(2)/Clear-argon-VB-45,12770829.5,2197.26,103427.46,6340.55,84.62,858.45,244.17,111965.28,1187.24,-6192.735889339936,-145.93608900690174
lowE(2)/Clear-argon-VB-60,8369136.04,2184.21,104765.28,5993.21,84.11,869.55,230.8,112942.71,1184.46,-5215.305889339928,-148.7160890069017
lowE(2)/Clear-argon-VB-75,2614454.84,2161.6,106498.76,5481.6,83.24,883.94,211.09,114141.96,1178.28,-4016.0558893399284,-154.89608900690178
lowE(2)/Clear-argon-VB0,5244839.74,2202.41,103277.64,6417.61,84.81,857.2,247.14,111897.67,1189.16,-6260.345889339937,-144.01608900690167
lowE(2)/Clear-argon-VB15,3423077.88,2196.18,103987.6,6240.77,84.57,863.1,240.33,112424.55,1188.0,-5733.465889339932,-145.17608900690175
lowE(2)/Clear-argon-VB30,2003243.57,2186.68,104772.06,6017.8,84.21,869.61,231.74,112976.53,1185.56,-5181.485889339936,-147.6160890069018
lowE(2)/Clear-argon-VB45,1207218.94,2173.55,105593.4,5750.67,83.7,876.43,221.46,113517.62,1181.58,-4640.3958893399395,-151.59608900690182
lowE(2)/Clear-argon-VB60,669659.36,2158.51,106452.39,5456.78,83.12,883.55,210.14,114067.68,1176.82,-4090.335889339942,-156.3560890069018
lowE(2)/Clear-argon-VB75,293004.43,2145.5,107398.21,5169.07,82.62,891.41,199.06,114712.78,1173.09,-3445.235889339936,-160.08608900690183
lowE(2)/Clear/lowE(5)-argon,12668586.83,2113.23,96530.76,6568.15,81.38,801.21,252.94,105212.14,1135.52,-12945.875889339935,-197.65608900690177
lowE(2)/Clear/lowE(5)-argon-BBG-15,6108394.27,2151.59,102926.91,5947.84,82.86,854.29,229.05,111026.33,1166.2,-7131.685889339933,-166.9760890069017
lowE(2)/Clear/lowE(5)-argon-BBG-30,8687387.81,2143.42,102553.66,5922.73,82.54,851.2,228.08,110619.8,1161.82,-7538.215889339932,-171.3560890069018
lowE(2)/Clear/lowE(5)-argon-BBG-45,9021560.14,2131.42,102713.78,5772.95,82.08,852.52,222.31,110618.15,1156.92,-7539.865889339941,-176.25608900690168
lowE(2)/Clear/lowE(5)-argon-BBG-60,5563207.45,2113.2,103295.51,5491.15,81.38,857.35,211.46,110899.86,1150.19,-7258.155889339934,-182.9860890069017
lowE(2)/Clear/lowE(5)-argon-BBG0,3717775.3,2153.45,103495.79,5876.65,82.93,859.02,226.31,111525.9,1168.25,-6632.115889339941,-164.92608900690175
lowE(2)/Clear/lowE(5)-argon-BBG15,2303149.53,2147.84,103918.99,5751.17,82.71,862.53,221.48,111818.0,1166.71,-6340.015889339935,-166.4660890069017
lowE(2)/Clear/lowE(5)-argon-BBG30,1287832.21,2134.87,104165.47,5577.37,82.21,864.57,214.78,111877.71,1161.57,-6280.305889339928,-171.6060890069018
lowE(2)/Clear/lowE(5)-argon-BBG45,752265.12,2117.0,104343.41,5363.02,81.52,866.05,206.53,111823.44,1154.1,-6334.5758893399325,-179.07608900690184
lowE(2)/Clear/lowE(5)-argon-BBG60,411972.45,2096.5,104488.84,5125.74,80.74,867.26,197.39,111711.09,1145.38,-6446.925889339938,-187.79608900690164
lowE(2)/Clear/lowE(5)-argon-HTcellular,4920868.57,2071.94,97706.16,5954.23,79.79,810.96,229.29,105732.33,1120.05,-12425.685889339933,-213.1260890069018
lowE(2)/Clear/lowE(5)-argon-LTcellular,2077494.95,2006.7,98662.43,5123.25,77.28,818.9,197.29,105792.38,1093.47,-12365.63588933993,-239.70608900690172
lowE(2)/Clear/lowE(5)-argon-VB-15,6489189.11,2087.0,96821.04,6250.6,80.37,803.61,240.71,105158.63,1124.69,-12999.38588933993,-208.4860890069017
lowE(2)/Clear/lowE(5)-argon-VB-30,9171150.78,2086.05,96859.13,6234.79,80.33,803.93,240.1,105179.96,1124.36,-12978.055889339928,-208.81608900690185
lowE(2)/Clear/lowE(5)-argon-VB-45,9684231.51,2082.73,97261.09,6136.76,80.21,807.27,236.32,105480.59,1123.8,-12677.425889339938,-209.3760890069018
lowE(2)/Clear/lowE(5)-argon-VB-60,6309188.68,2075.61,97965.31,5951.29,79.93,813.11,229.18,105992.22,1122.22,-12165.795889339934,-210.95608900690172
lowE(2)/Clear/lowE(5)-argon-VB0,4042308.62,2085.97,97041.45,6205.13,80.33,805.44,238.96,105332.55,1124.73,-12825.465889339932,-208.44608900690173
lowE(2)/Clear/lowE(5)-argon-VB15,2624762.97,2082.52,97403.72,6112.1,80.2,808.45,235.37,105598.34,1124.02,-12559.675889339938,-209.15608900690177
lowE(2)/Clear/lowE(5)-argon-VB30,1522856.59,2077.44,97833.08,5991.37,80.0,812.01,230.73,105901.89,1122.74,-12256.125889339935,-210.43608900690174
lowE(2)/Clear/lowE(5)-argon-VB45,910060.6,2070.65,98297.49,5847.11,79.74,815.87,225.17,106215.25,1120.78,-11942.765889339935,-212.39608900690178
lowE(2)/Clear/lowE(5)-argon-VB60,498846.5,2063.08,98767.51,5693.52,79.45,819.77,219.25,106524.11,1118.47,-11633.905889339934,-214.70608900690172
lowE(2)/lowE(4),16320816.63,2269.32,103213.08,7117.29,87.39,856.67,274.08,112599.7,1218.14,-5558.315889339938,-115.03608900690165
lowE(2)/lowE(4)-BBG-15,7743667.67,2316.19,114550.02,5798.4,89.2,950.77,223.29,122664.6,1263.25,4506.584110660071,-69.92608900690175
lowE(2)/lowE(4)-BBG-30,11137539.52,2284.93,112058.76,5872.5,87.99,930.09,226.15,120216.19,1244.23,2058.1741106600675,-88.94608900690173
lowE(2)/lowE(4)-BBG-45,11653689.42,2248.52,110472.19,5748.78,86.59,916.92,221.38,118469.5,1224.89,311.4841106600652,-108.28608900690165
lowE(2)/lowE(4)-BBG-60,7172519.43,2204.93,109875.84,5391.98,84.91,911.97,207.64,117472.76,1204.52,-685.25588933994,-128.65608900690177
lowE(2)/lowE(4)-BBG-75,1837122.38,2150.05,110069.35,4787.47,82.8,913.58,184.36,117006.86,1180.74,-1151.1558893399342,-152.43608900690174
lowE(2)/lowE(4)-BBG0,4673042.17,2327.23,116544.52,5594.3,89.62,967.32,215.43,124466.05,1272.37,6308.034110660068,-60.80608900690186
lowE(2)/lowE(4)-BBG15,2864384.59,2312.27,116881.91,5385.28,89.04,970.12,207.38,124579.46,1266.55,6421.444110660072,-66.6260890069018
lowE(2)/lowE(4)-BBG30,1574827.26,2272.79,115670.91,5168.62,87.52,960.07,199.04,123112.33,1246.63,4954.314110660067,-86.54608900690164
lowE(2)/lowE(4)-BBG45,904318.62,2223.73,113962.64,4931.05,85.63,945.89,189.89,121117.43,1221.42,2959.414110660058,-111.75608900690168
lowE(2)/lowE(4)-BBG60,487944.15,2174.43,112324.15,4678.53,83.74,932.29,180.17,119177.11,1196.19,1019.0941106600658,-136.9860890069017
lowE(2)/lowE(4)-BBG75,208198.04,2131.88,111172.6,4417.4,82.1,922.73,170.11,117721.88,1174.94,-436.13588933993015,-158.2360890069017
lowE(2)/lowE(4)-HTcellular,6327645.26,2163.65,103681.01,5950.44,83.32,860.55,229.15,111795.09,1173.02,-6362.925889339938,-160.15608900690177
lowE(2)/lowE(4)-LTcellular,2672322.86,2049.3,103039.12,4863.23,78.92,855.22,187.28,109951.65,1121.42,-8206.36588933994,-211.75608900690168
lowE(2)/lowE(4)-VB-15,8256001.13,2180.19,101772.9,6424.77,83.96,844.72,247.41,110377.85,1176.09,-7780.165889339929,-157.08608900690183
lowE(2)/lowE(4)-VB-30,11758431.24,2180.39,101822.26,6419.13,83.97,845.12,247.2,110421.78,1176.29,-7736.235889339936,-156.88608900690178
lowE(2)/lowE(4)-VB-45,12504263.96,2177.93,102663.52,6260.4,83.87,852.11,241.09,111101.85,1177.06,-7056.165889339929,-156.1160890069018
lowE(2)/lowE(4)-VB-60,8183004.63,2169.44,104192.66,5929.78,83.54,864.8,228.35,112291.88,1176.7,-5866.13588933993,-156.4760890069017
lowE(2)/lowE(4)-VB-75,2540759.77,2154.04,106193.77,5450.4,82.95,881.41,209.89,113798.22,1174.25,-4359.795889339934,-158.92608900690175
lowE(2)/lowE(4)-VB0,5134456.21,2177.68,102258.31,6322.11,83.86,848.74,243.46,110758.1,1176.07,-7399.915889339929,-157.1060890069018
lowE(2)/lowE(4)-VB15,3344783.82,2172.17,102999.32,6147.82,83.65,854.89,236.75,111319.31,1175.29,-6838.705889339937,-157.88608900690178
lowE(2)/lowE(4)-VB30,1952148.69,2164.45,103852.66,5932.33,83.35,861.98,228.45,111949.44,1173.78,-6208.5758893399325,-159.39608900690178
lowE(2)/lowE(4)-VB45,1173662.55,2154.54,104796.05,5679.01,82.97,869.81,218.7,112629.59,1171.47,-5528.425889339938,-161.70608900690172
lowE(2)/lowE(4)-VB60,649250.4,2144.3,105846.24,5404.48,82.58,878.52,208.12,113395.03,1169.22,-4762.985889339936,-163.95608900690172
lowE(2)/lowE(4)-VB75,283056.91,2138.19,107081.95,5142.34,82.34,888.78,198.03,114362.48,1169.15,-3795.535889339939,-164.02608900690166
lowE(2)/lowE(4)-argon,16320816.63,2224.1,100145.33,7136.78,85.65,831.21,274.83,109506.21,1191.69,-8651.805889339928,-141.4860890069017
lowE(2)/lowE(4)-argon-BBG-15,7743667.67,2259.94,110622.4,5842.54,87.03,918.17,224.99,118724.88,1230.19,566.8641106600699,-102.9860890069017
lowE(2)/lowE(4)-argon-BBG-30,11137539.52,2230.13,108196.52,5921.0,85.88,898.03,228.02,116347.66,1211.93,-1810.3558893399313,-121.24608900690168
lowE(2)/lowE(4)-argon-BBG-45,11653689.42,2196.12,106750.59,5799.48,84.57,886.03,223.34,114746.19,1193.94,-3411.8258893399325,-139.2360890069017
lowE(2)/lowE(4)-argon-BBG-60,7172519.43,2155.61,106358.03,5442.26,83.01,882.77,209.58,113955.9,1175.36,-4202.115889339941,-157.81608900690185
lowE(2)/lowE(4)-argon-BBG-75,1837122.38,2103.99,106782.37,4835.18,81.02,886.29,186.2,113721.53,1153.52,-4436.485889339936,-179.65608900690177
lowE(2)/lowE(4)-argon-BBG0,4673042.17,2270.34,112591.79,5636.13,87.43,934.51,217.04,120498.26,1238.99,2340.24411066006,-94.18608900690174
lowE(2)/lowE(4)-argon-BBG15,2864384.59,2255.11,112908.74,5427.68,86.84,937.14,209.02,120591.53,1233.0,2433.514110660064,-100.17608900690175
lowE(2)/lowE(4)-argon-BBG30,1574827.26,2216.52,111734.79,5214.48,85.36,927.4,200.81,119165.79,1213.56,1007.7741106600588,-119.6160890069018
lowE(2)/lowE(4)-argon-BBG45,904318.62,2169.81,110168.86,4978.47,83.56,914.4,191.72,117317.15,1189.68,-840.8658893399406,-143.49608900690168
lowE(2)/lowE(4)-argon-BBG60,487944.15,2124.0,108767.36,4724.36,81.79,902.77,181.93,115615.72,1166.5,-2542.2958893399336,-166.67608900690175
lowE(2)/lowE(4)-argon-BBG75,208198.04,2085.27,107886.91,4459.42,80.3,895.46,171.73,114431.6,1147.49,-3726.415889339929,-185.68608900690174
lowE(2)/lowE(4)-argon-HTcellular,6327645.26,2136.5,101807.59,5968.01,82.28,845.0,229.83,109912.1,1157.1,-8245.915889339929,-176.07608900690184
lowE(2)/lowE(4)-argon-LTcellular,2672322.86,2032.95,101674.24,4912.24,78.29,843.9,189.17,108619.43,1111.35,-9538.585889339942,-221.82608900690184
lowE(2)/lowE(4)-argon-VB-15,8256001.13,2151.34,99886.45,6426.58,82.85,829.06,247.48,108464.36,1159.39,-9693.655889339934,-173.78608900690165
lowE(2)/lowE(4)-argon-VB-30,11758431.24,2151.56,99925.79,6422.67,82.86,829.38,247.33,108500.02,1159.57,-9657.99588933993,-173.6060890069018
lowE(2)/lowE(4)-argon-VB-45,12504263.96,2148.93,100755.47,6264.12,82.75,836.27,241.23,109168.52,1160.25,-8989.49588933993,-172.92608900690175
lowE(2)/lowE(4)-argon-VB-60,8183004.63,2139.95,102261.21,5932.35,82.41,848.77,228.45,110333.52,1159.63,-7824.495889339931,-173.54608900690164
lowE(2)/lowE(4)-argon-VB-75,2540759.77,2123.43,104203.26,5450.87,81.77,864.89,209.91,111777.56,1156.57,-6380.455889339937,-176.6060890069018
lowE(2)/lowE(4)-argon-VB0,5134456.21,2148.74,100386.33,6320.77,82.75,833.21,243.41,108855.85,1159.36,-9302.165889339929,-173.81608900690185
lowE(2)/lowE(4)-argon-VB15,3344783.82,2143.17,101132.39,6145.11,82.53,839.4,236.65,109420.68,1158.58,-8737.335889339942,-174.59608900690182
lowE(2)/lowE(4)-argon-VB30,1952148.69,2135.31,101979.61,5929.2,82.23,846.43,228.33,110044.11,1156.99,-8113.905889339934,-176.18608900690174
lowE(2)/lowE(4)-argon-VB45,1173662.55,2125.16,102903.17,5676.67,81.84,854.1,218.61,110705.0,1154.54,-7453.015889339935,-178.63608900690178
lowE(2)/lowE(4)-argon-VB60,649250.4,2114.52,103916.61,5403.84,81.43,862.51,208.1,111434.98,1152.04,-6723.035889339939,-181.13608900690178
lowE(2)/lowE(4)-argon-VB75,283056.91,2107.49,105079.8,5143.82,81.16,872.16,198.09,112331.11,1151.41,-5826.905889339934,-181.76608900690167
